NDVI,EVI,SAVI,NDWI,ELEV,SLOPE,ASPECT,B2,B3,B4,B8,NDVI_mean_3x3,NDVI_std_3x3,NIR_mean_3x3,NIR_std_3x3,Status,longitude,latitude
0.75692254,0.6093308057156074,0.522368347833447,-0.6550981,6,3.731722,90.0,0.0462,0.07705,0.052933335,0.3698,0.7440662,0.03430401296410818,0.35599723,0.026914413571722164,1,79.96690369821465,6.897130004177068
0.6912199,0.5051162194127661,0.437588517491352,-0.5944891,11,1.3162254,45.207954,0.0485,0.07765,0.05545,0.317,0.6902802,0.024382020646067686,0.3175889,0.009273520926397692,1,79.96600538293053,6.895153710552005
0.61277246,0.43050727996581306,0.3763538610922802,-0.55540395,8,4.1466756,206.73189,0.047975,0.07395,0.05935,0.29869998,0.61932415,0.02598166638753336,0.29007778,0.011360621934822637,1,79.96771218197036,6.8973994987623035
0.6927587,0.5078273558248294,0.4482980609047177,-0.60430276,6,1.3162328,225.20827,0.0449,0.0802,0.0578,0.31546667,0.6965311,0.035199312522330196,0.32559073,0.020209170658688113,1,79.96636470904419,6.900543602256723
0.66994685,0.4936068519953623,0.43513900603255395,-0.58295125,7,2.8005433,270.0,0.048275,0.07975,0.06035,0.3114,0.68638587,0.03058612373863507,0.3198111,0.018350986365888187,1,79.96654437210101,6.900543602256723
0.704826,0.49444010993972076,0.43932472772805625,-0.6115611,9,2.9496431,251.68965,0.04745,0.079375,0.0584,0.32775,0.69964087,0.011216691611282465,0.32613444,0.006056659131449836,1,79.96690369821465,6.900543602256723
0.73599005,0.567822620069535,0.49012566488563203,-0.62001854,14,7.2270694,319.98944,0.05285,0.08146667,0.055233333,0.3804,0.73195904,0.02932848429115213,0.3619778,0.03541866360280661,1,79.9695088125386,6.900184276143074
0.6544077,0.4355790871470238,0.3880937808841692,-0.55716354,18,6.724914,343.94424,0.0512,0.0778,0.058,0.285,0.65989006,0.03824806589538797,0.2832685,0.02257971225710704,1,79.96995797018066,6.900184276143074
0.7083965,0.48969184759455464,0.42052572726612564,-0.61480755,18,6.724914,343.94424,0.04645,0.06994,0.048433334,0.2903,0.6618438,0.08653314845265093,0.2865778,0.04402562166030834,1,79.97013763323748,6.900274107671486
0.6893606,0.47405626045756777,0.4284473934012829,-0.60471267,12,6.464861,-0.0,0.0446,0.07576667,0.0555,0.3116,0.68812484,0.018033214014942817,0.31766295,0.008561779493078127,1,79.96636470904419,6.8949740474951815
0.7264115,0.5806477312935571,0.4946007871943756,-0.63951457,12,0.93416095,270.0,0.044,0.074825,0.0532,0.362075,0.7316605,0.012922483619636287,0.3518639,0.012654475345917186,1,79.96816133961242,6.89308758539853
0.70168406,0.5072676347227678,0.44888868142109173,-0.6108357,14,3.357141,56.50147,0.048233334,0.0747,0.05365,0.3139,0.709699,0.010963385857592982,0.32167333,0.008023570315664075,1,79.96816133961242,6.892458764699646
0.62977344,0.44298639389507516,0.39599732899285867,-0.5754377,8,3.94315,225.20819,0.0486,0.0776,0.0662,0.3052,0.63613176,0.03278714980590341,0.30444443,0.009848650129692238,1,79.94597295209466,6.899196129330543
0.62045217,0.4754033312366745,0.4100467107455265,-0.56201625,7,2.6310685,314.79193,0.05695,0.0787,0.06786667,0.3274,0.71507496,0.053931632165170704,0.3376852,0.021226596337962672,1,79.95055436004368,6.89721983570548
0.807778,0.6991501929822284,0.5832968000401432,-0.68171895,8,3.8201177,14.134467,0.045333333,0.0805,0.0423,0.42373332,0.8142167,0.016240280545058675,0.42117593,0.02269255252420201,1,79.95028486545844,6.896950341120244
0.8183686,0.6416666806308543,0.5479435526830331,-0.7207443,7,4.1647177,63.601017,0.03952,0.05935,0.03628,0.3711,0.80483407,0.012903065451245223,0.3632509,0.02198629573000883,1,79.9454339629242,6.896770678063421
0.6856472,0.47601673507521547,0.419363780455383,-0.595759,12,2.6310475,45.20762,0.04685,0.0718,0.052066665,0.29265,0.6911217,0.02494465188147733,0.30086482,0.011489462031001393,1,79.95136284379939,6.8898536503756995
0.5758912,0.384645617865889,0.35010569299267713,-0.5407223,10,0.93415165,90.0,0.0509,0.0747,0.061899997,0.2834,0.6031119,0.03544417730390572,0.2904222,0.00873826522837194,1,79.95558492563475,6.888326514392697
0.5978929,0.42290596393827273,0.37009331115226984,-0.5526631,11,2.949567,71.68916,0.05335,0.07962,0.070700005,0.2934,0.5905719,0.014641031452097417,0.2883222,0.0031146489391871324,1,79.95630357786204,6.887068872994929
0.5707454,0.3956386253102221,0.35507248016250803,-0.5489598,5,2.9325612,18.559902,0.0535,0.0778,0.076,0.2844,0.5801845,0.02011558548921904,0.28667778,0.007894265813304758,1,79.94758991960609,6.890392639546172
0.63556534,0.4959628808491395,0.4200528663858692,-0.57230145,5,4.6394615,322.93054,0.0542,0.0846,0.0715,0.3248,0.6419439,0.035971331506043036,0.31526667,0.012605467627442293,1,79.9477695826629,6.890212976489348
0.76345706,0.6075069806257671,0.5187061935192155,-0.6624156,6,0.92740995,-0.0,0.0463,0.07156666,0.048366666,0.3692,0.7513484,0.021523002901101367,0.3503111,0.01583885587454876,1,79.94669160432197,6.890662134131407
0.4898725,0.3157740851079345,0.2806345969665029,-0.4772291,29,0.0,-0.0,0.05915,0.07795,0.0723,0.2366,0.5293692,0.08752900278088722,0.23746297,0.01323856059431396,1,79.96286127943611,6.889134998148404
0.8451863,0.7043849931285815,0.6076763300982853,-0.70780015,20,4.751392,258.7695,0.041575,0.072744444,0.036683332,0.424,0.8225154,0.02385170329449814,0.39269814,0.026961101641319544,1,79.963490100135,6.883385780330039
0.6785106,0.5076017080631913,0.44492472210844275,-0.61366534,14,6.464861,180.0,0.0504,0.0756,0.058066666,0.3193,0.6623505,0.05692791450523552,0.29965037,0.028065255494700927,1,79.97570718799902,6.899196129330543
0.8136574,0.7253399443823525,0.6009640257435904,-0.7084121,12,3.357171,303.4982,0.04545,0.074433334,0.042833336,0.4332,0.8028866,0.024202865860532136,0.4181963,0.029504036107155195,1,79.9748088727149,6.898657140160071
0.6941915,0.4843102780373821,0.4245689742841502,-0.6165159,9,9.4386,78.76985,0.0475,0.0717,0.0543,0.3062,0.65660447,0.07880880239048546,0.29410926,0.025836827335767337,1,79.9777733131525,6.898207982518011
0.7677794,0.5133963608587213,0.45117185733413107,-0.6643134,12,7.070964,66.95169,0.0454,0.069,0.0446,0.2874,0.74831945,0.02381923822798579,0.29984167,0.010459463516494667,1,79.97813263926615,6.896860509591832
0.7027105,0.46942501594349373,0.4220709567766192,-0.61036766,6,4.1647215,63.601044,0.049233332,0.07425,0.051816665,0.2878,0.7043405,0.02328691380268953,0.29564816,0.01505936888903578,1,79.97822247079456,6.897309667233892
0.6258847,0.39520243006062616,0.3615770590176768,-0.56918484,4,0.9341659,270.0,0.04935,0.0719,0.0562,0.2681,0.6435678,0.029331022545446703,0.27148777,0.008524672974492893,1,79.97804280773774,6.895602868194064
0.64960515,0.42842780062487346,0.3890229389217277,-0.5730373,16,5.8498445,341.43988,0.046,0.0704,0.05525,0.2727,0.6276827,0.042146656064113684,0.26901665,0.0252231844449455,1,79.97642584022633,6.895962194307713
0.6148831,0.41429223738495835,0.36750866524258263,-0.5548058,7,2.0851052,243.6009,0.053375,0.075475,0.059175,0.27425,0.622927,0.023916755109067538,0.27853888,0.005426573447033419,1,79.9792106176071,6.894435058324709
0.6329378,0.463997263385328,0.4020490940970311,-0.56046975,6,2.0850935,63.60075,0.052975,0.078425,0.063325,0.2938,0.63652503,0.012913556584813883,0.29464075,0.004090997446095724,1,79.97840213385139,6.891021460245056
0.7490061,0.5558057474147416,0.4815431865708007,-0.6334271,18,4.751525,78.76983,0.04695,0.0723,0.04615,0.329,0.7409883,0.01741197414563849,0.31721112,0.0238625884626884,1,79.95567475716317,6.89721983570548
0.7625131,0.6099417656659272,0.518935058217142,-0.6437224,15,0.92740995,-0.0,0.047090475,0.07895,0.047336366,0.37546667,0.77225876,0.019394793628582343,0.37803334,0.011354042859923003,1,79.95630357786204,6.900633433785134
0.8368155,0.7744213559418957,0.6332726790193983,-0.7019809,10,2.6310816,225.20836,0.04505,0.0798,0.039533332,0.4656,0.84121126,0.013439009225471052,0.46358332,0.01955074476583405,1,79.95801037690187,6.9020707382397255
0.78381777,0.630881516943853,0.5415251724796083,-0.6715563,13,4.6609945,90.0,0.043133333,0.076225,0.04389,0.3932,0.74641335,0.08451667294144255,0.36957222,0.04548919921524076,1,79.96133414345312,6.9016215805976655
0.7944641,0.6782558597870787,0.5610184040306122,-0.6703574,7,1.8543341,-0.0,0.0444,0.078666665,0.0432,0.40600002,0.78725296,0.01194052151127769,0.39744815,0.009255516123629471,1,79.96295111096453,6.903238548109081
0.7360253,0.5715725712190084,0.4796403217730511,-0.63285506,4,2.0851436,243.60144,0.05235,0.07545,0.0564,0.35369998,0.74270284,0.03803399490008073,0.3597926,0.018596789729258212,1,79.9642087523623,6.905214841734144
0.744047,0.584704358799419,0.4947333861986113,-0.62245923,4,2.9496713,251.68983,0.0543,0.0843,0.0543,0.3567,0.6956254,0.08492764167327499,0.3445637,0.024828787471381276,1,79.96375959472023,6.90548433631938
0.8147679,0.6744637859319225,0.5725981707459248,-0.6817645,7,4.1466837,333.26788,0.0428,0.0747,0.040433332,0.40060002,0.8162126,0.015674912763553196,0.40135556,0.026812229729483498,1,79.94714076196402,6.901891075182902
0.6634027,0.42652774640663865,0.3733496394784295,-0.5885447,4,3.3572326,123.4975,0.04235,0.06975,0.0487,0.2652,0.7096959,0.024790676667749978,0.29283702,0.017058071627336666,1,79.9589985237144,6.911143722609332
0.8159393,0.7206831163185851,0.6067041276002564,-0.7040801,6,4.1467037,206.73265,0.04452,0.07362,0.0445,0.4308,0.8028993,0.029760104713526005,0.41556314,0.02785409577558791,1,79.96932914948178,6.913299679291219
0.8064985,0.6942266653958333,0.5878373433541855,-0.6923722,14,3.3478682,33.883617,0.04068,0.074825,0.04205,0.4212,0.80527174,0.024341714675974676,0.42174444,0.0206759710608598,1,79.97076645393636,6.918959065581173
0.64659005,0.47151296938255643,0.4154021556431153,-0.58417517,9,5.8498774,341.43893,0.05114,0.078833334,0.06333666,0.32075,0.6614167,0.011822406939668104,0.32621592,0.004518276780259912,1,79.96402908930547,6.922103169075591
0.6904071,0.5057417954624701,0.4407481959344747,-0.6062861,7,4.9871264,21.946138,0.0491,0.0735,0.0563,0.3193,0.68634313,0.02341273058818945,0.3174,0.010617596797933036,1,79.96259178485089,6.9176115926549935
0.61422646,0.4012530872591187,0.3633989479834079,-0.547616,8,2.0851572,243.60162,0.05185,0.07485,0.0594,0.27109998,0.6350225,0.01843907783264996,0.28398147,0.007801316375091735,1,79.97615634564109,6.909257260512682
0.6856924,0.46350199285353805,0.4095511408549577,-0.58507603,5,2.076067,206.73247,0.0477,0.0753,0.0514,0.2886,0.68645644,0.010715746496514885,0.2909037,0.009358310112160076,1,79.97822247079456,6.909526755097917
0.70123225,0.49816675976418984,0.43919735776031876,-0.6003346,9,3.8447108,256.06177,0.0521,0.07295,0.053783335,0.3072,0.6843003,0.021751805669485858,0.30279446,0.020747982725929648,1,79.9777733131525,6.911053891080921
0.8560679,0.8032274166952819,0.6569418389055053,-0.73350537,7,2.7802885,180.0,0.043133333,0.0751,0.038875,0.4906,0.83788455,0.017809071392801645,0.46446666,0.0233156121347354,1,79.96465791000435,6.908538608285386
0.80210024,0.6785191194897126,0.5780456824594706,-0.6936947,6,2.076067,153.26753,0.0454,0.074766666,0.045933332,0.4208,0.8143246,0.017319459806760536,0.43438148,0.022335148055264886,1,79.95612391480522,6.909526755097917
0.5897862,0.41550270280288737,0.3734854736676036,-0.5504841,5,4.1648545,63.601955,0.05405,0.080675,0.065,0.2859,0.5983915,0.029808459595562806,0.28534666,0.010171505976876672,1,79.95971717594169,6.916174288200402
0.62808555,0.4077328626750695,0.3544975880390395,-0.55153745,5,0.93420815,270.0,0.05145,0.07373333,0.0595,0.2706,0.6305244,0.011352820777737598,0.2750611,0.003952903722895328,1,79.95783071384504,6.916892940427697
0.6850349,0.4509333561030342,0.39262099465767053,-0.5931949,3,1.3162577,314.79065,0.04795,0.0679,0.049000002,0.275,0.687434,0.012153797499073651,0.2720389,0.007800388535672837,1,79.96007650205534,6.918420076410701
0.7183099,0.5682252435414052,0.49452517692150005,-0.6309668,14,6.2335906,116.39807,0.051233333,0.0818,0.05566,0.3562,0.6710952,0.04564859434629199,0.31221557,0.0283409497201871,1,79.98109707970374,6.915545467501518
0.73219293,0.5529590435401777,0.4733319777603878,-0.6183478,6,2.0760715,153.26729,0.0484,0.0748,0.0493,0.3244,0.7438164,0.027957378705090498,0.3251185,0.022594591863373575,1,79.98100724817533,6.914557320688987
0.61669636,0.42529711418356064,0.3832564292080653,-0.58440083,9,3.943171,225.2085,0.05435,0.08085,0.069358334,0.305,0.57195574,0.0843024371656911,0.28719702,0.011906124777160208,1,79.97804280773774,6.9041368633932
0.60104305,0.3581822733155975,0.31363806554110035,-0.5356037,3,1.3162304,134.79182,0.0471,0.0681,0.0508,0.2317,0.63170034,0.02105536457520746,0.24086297,0.0071566974760272455,1,79.97840213385139,6.898926634745307
0.6273483,0.4082389592917095,0.37192343275347567,-0.5524561,9,7.227043,139.9897,0.0559,0.08075,0.0676,0.28829998,0.62963766,0.031908429293954405,0.28938332,0.010873516018788377,1,79.97759365009567,6.896141857364537
0.6232885,0.4039566973454134,0.35319416661666997,-0.5523374,3,1.8678278,270.0,0.0543,0.0768,0.0624,0.2796,0.62082267,0.024900832196570275,0.28266665,0.005083960273490026,1,79.97930044913551,6.893716406097414
0.60203433,0.42029498669025395,0.37663470557584616,-0.5170917,4,1.3162215,134.79222,0.04975,0.0738,0.0611,0.2866,0.6031835,0.011540643864634915,0.28687036,0.007973559157862518,1,79.97867162843662,6.892368933171235
0.8450778,0.7715574696709584,0.6280554383327885,-0.7202424,13,5.4208274,120.78117,0.04394,0.07302,0.03814,0.4606,0.8308707,0.02025849508328075,0.44622964,0.02198992880617715,1,79.97202409533413,6.884104432557335
0.8279665,0.7424986234608466,0.5933203533729379,-0.71659225,13,3.844497,103.93904,0.044533335,0.07072,0.0446,0.4408,0.824382,0.010353128177751936,0.4191963,0.022241163989318503,1,79.97130544310684,6.883116285744803
0.87096924,0.8456005643631052,0.6906199434884646,-0.755125,13,5.4025087,211.14694,0.043533333,0.0739,0.035041668,0.5092667,0.86198086,0.019047739406189115,0.49487925,0.027311099502132664,1,79.97013763323748,6.883475611858452
0.70789516,0.5795221417614947,0.507539412722446,-0.61600626,9,0.93415165,270.0,0.055575,0.0884,0.06245,0.38959998,0.7204725,0.03691657882480704,0.37823704,0.013394735191342506,1,79.9567527355041,6.888236682864285
0.7175395,0.5275387270192723,0.45772744046255615,-0.62678206,10,2.0850875,116.39933,0.04355,0.072225,0.0534,0.3291,0.726916,0.015788807896209817,0.33919168,0.011692756464573406,1,79.95172216991303,6.889314661205228
0.6867247,0.5022978437146788,0.432519799167947,-0.59962004,6,1.3162328,225.20827,0.0481,0.08045,0.060149997,0.32,0.6914068,0.035540010578895505,0.32246298,0.02063482813325456,1,79.9664545405726,6.900543602256723
0.6718775,0.4996467378474864,0.4299998979318846,-0.6015435,15,5.0131783,111.65867,0.04844,0.0727875,0.06172,0.324,0.6689082,0.034573063145251035,0.3075,0.022325560313688396,1,79.97364106284554,6.888146851335873
0.6810878,0.49340052173689253,0.4330889216279262,-0.6036062,15,5.2510376,134.79247,0.0518,0.0747,0.05936,0.31525,0.6489976,0.08044739723166709,0.29938146,0.03940458315020859,1,79.97391055743078,6.888326514392697
0.6935558,0.5296070262278786,0.4513897842968524,-0.6032631,9,4.987095,21.94524,0.0477,0.07265,0.0532,0.3309,0.7219476,0.015349990129903632,0.34391296,0.015700262870229003,1,79.969598644067,6.896141857364537
0.7076251,0.5494867548102199,0.47563476815519456,-0.6334495,8,2.8005185,270.0,0.0493,0.07203333,0.0531,0.3416,0.7070385,0.0065714099228784024,0.3308611,0.0089758303815552,1,79.97004780170907,6.896501183478184
0.61575794,0.3712600537909412,0.3572409283280148,-0.55978084,17,4.6273675,180.0,0.047525,0.07083333,0.06103333,0.2762,0.6040831,0.018508090811543882,0.2789889,0.004345989668517709,1,79.97013763323748,6.897489330290716
0.73314065,0.5757121798200548,0.48538479896282605,-0.6344683,15,7.236434,230.39903,0.04525,0.07575,0.049000002,0.344,0.74136746,0.020183621448178878,0.33354628,0.03381240811182074,1,79.96717319279989,6.898657140160071
0.670182,0.45525754060491125,0.41250395221994196,-0.591218,8,5.943864,231.54306,0.04465,0.0692,0.05625,0.28469998,0.6625931,0.010637856585043286,0.2849278,0.004783132598149436,1,79.96744268738513,6.8978486564043635
0.7625306,0.5735905806083322,0.504635711772568,-0.64759314,11,4.1647353,63.60114,0.0429,0.0735,0.05105,0.3547,0.7521396,0.0232515794433161,0.34263334,0.012152089793620775,1,79.96456807847595,6.899106297802131
0.8236667,0.7151836829472932,0.5797062719301935,-0.7083569,9,3.94315,314.7918,0.0417,0.0688,0.03945,0.4308,0.7668163,0.042567528648305986,0.37422037,0.04917635726606149,1,79.96519689917483,6.899106297802131
0.66726494,0.4556051394891796,0.40213959037308744,-0.57471955,8,2.932567,18.560238,0.0475,0.07746,0.060866665,0.2917,0.65934616,0.028578233749569092,0.29411852,0.005464542367795455,1,79.96600538293053,6.899375792387366
0.8182922,0.6804710322885639,0.5748337223140912,-0.68745726,5,6.576311,81.92812,0.041075,0.072066665,0.039449997,0.40565,0.8017934,0.01571236727555705,0.38242778,0.02277442539315429,1,79.96187313262358,6.907280966887619
0.72825205,0.5207364100626231,0.4627183753882287,-0.647054,3,0.92740995,180.0,0.04195,0.0637,0.04222,0.316,0.72238773,0.023124239295311357,0.31635556,0.012619131806611655,1,79.95872902912916,6.909886081211565
0.75371295,0.5511829685216596,0.48034547528217386,-0.6608228,4,2.7802885,180.0,0.041866668,0.0669,0.045744445,0.33639997,0.7591669,0.009494815996370773,0.33320832,0.010091144514302494,1,79.95827987148711,6.910425070382037
0.69833213,0.5511156692271744,0.4615872912347468,-0.60373557,9,2.0851572,243.60162,0.048,0.07676667,0.054133333,0.3522,0.7058251,0.04007672823897877,0.33366296,0.011236173877595595,1,79.95414762118016,6.9091674289842695
0.74829805,0.5478970156420107,0.45846533407573387,-0.63444513,14,9.305944,275.6694,0.04192,0.065725,0.0416,0.3172,0.74141544,0.027117182541008103,0.3136,0.030763173885235,1,79.95486627340745,6.907460629944443
0.7439576,0.5916242763519828,0.514598472693312,-0.6424192,12,2.0760646,333.26767,0.04633333,0.0782,0.0502,0.36470002,0.7475998,0.014634091412698221,0.37028888,0.014798008042223074,1,79.95459677882222,6.906741977717147
0.7992602,0.6826919654118004,0.5633969996760027,-0.6899877,14,0.93418837,90.0,0.0435,0.075666666,0.04526667,0.4015,0.7947748,0.013350908318530395,0.3823889,0.03719717658397801,1,79.95333913742445,6.906831809245559
0.7348094,0.5826413406954933,0.5025220897323048,-0.64496475,10,2.076067,206.73247,0.04742857,0.077575,0.0531,0.36213332,0.7256932,0.04999774423472954,0.35976666,0.028333610454902347,1,79.95244082214033,6.909347092041093
0.6356062,0.45774327602887344,0.4002503113580636,-0.5881611,6,7.236596,309.59988,0.05451,0.07773333,0.064675,0.3049,0.6281273,0.028406444309093365,0.30353704,0.00993168413672928,1,79.96088498581105,6.9167132773708735
0.5937594,0.43797016893609736,0.37275317648550454,-0.55872655,3,1.3162565,225.2093,0.057133332,0.08598,0.07075,0.29259998,0.62064123,0.023577840576079128,0.30023628,0.01003918371391153,1,79.96151380650994,6.917431929598169
0.7098987,0.5118662811630339,0.4434908780826925,-0.60617185,14,2.7802885,-0.0,0.047475,0.07656667,0.0546,0.3107,0.711018,0.025577327489116237,0.30685,0.02025830943346191,1,79.96429858389071,6.917252266541345
0.7090326,0.4480928569565398,0.39815286761740687,-0.61100763,19,4.719927,348.6093,0.041775,0.0643,0.04595,0.28075,0.7150989,0.023351895072870596,0.27841482,0.011563220171855935,1,79.96492740458959,6.9171624350129335
0.7534069,0.5518846551330098,0.47005472393936976,-0.6506111,20,4.649017,233.33083,0.04425,0.0735,0.0499,0.34289998,0.73940516,0.027306676281414234,0.3283722,0.020088817707280767,1,79.96600538293053,6.917431929598169
0.85906506,0.7873683686125004,0.6471983846525141,-0.75143105,10,5.01333,291.658,0.042075,0.066925,0.0356,0.4736,0.8396705,0.02199997633043953,0.45042223,0.02812566109626732,1,79.96825117114084,6.904855515620496
0.68861973,0.5317429241867857,0.46221326186473244,-0.605101,8,7.849346,225.20854,0.0512,0.07936667,0.05785,0.3322,0.6963484,0.04474549735196436,0.32919165,0.025447545625943337,1,79.96465791000435,6.905125010205731
0.7745542,0.5884711383709251,0.5106088521922079,-0.6736962,18,6.2065287,206.7323,0.04245,0.06285,0.0404,0.342,0.720341,0.07356416908535272,0.3211,0.04301055680037637,1,79.9717546007489,6.906023325489851
0.78188115,0.6269688984260045,0.5317393558110577,-0.6650223,22,9.655862,286.5846,0.0456,0.0729,0.044200003,0.3723,0.7733453,0.008518704061392183,0.3446574,0.038695620401296045,1,79.97076645393636,6.910874228024097
0.7917052,0.6849603484994585,0.5788408427170151,-0.67840266,18,4.661087,270.0,0.0484,0.077,0.04805,0.412,0.7866827,0.03154762410248413,0.41324037,0.034107853729301696,1,79.97049695935114,6.911233554137745
0.67166686,0.46526375321292757,0.41677975339668766,-0.59200835,12,9.219002,37.07056,0.04925,0.07584,0.056725,0.30080003,0.6808527,0.025068620427511283,0.29281944,0.021966582060116268,1,79.97444954660126,6.909436923569506
0.6945523,0.5068987363668246,0.4312206519014189,-0.6184939,11,4.146663,333.26846,0.047133334,0.0780875,0.0554,0.3161,0.6418274,0.07801467590515317,0.29444352,0.02730174081017823,1,79.95576458869157,6.890212976489348
0.7127393,0.5341947708749902,0.47141997804580615,-0.6419342,13,1.8678179,90.0,0.0455,0.0716,0.05388,0.3407,0.7193791,0.022902910170727007,0.3411778,0.013175043230280892,1,79.95639340939046,6.891021460245056
0.7319789,0.5655130911958541,0.4812411705378531,-0.638659,8,4.639504,217.07014,0.04638,0.076733336,0.051933333,0.34062502,0.7234561,0.023644675321275718,0.32624906,0.013849991335349655,1,79.96600538293053,6.902160569768137
0.8552194,0.7864751792327981,0.6551917688551259,-0.7275548,5,2.6310856,225.20844,0.0416,0.0755,0.037333336,0.4752,0.8414878,0.01629282196408391,0.4461,0.02521227540576134,1,79.96519689917483,6.903238548109081
0.79937303,0.623153461741353,0.543549606880743,-0.6821493,10,6.20652,26.732143,0.0376,0.069785714,0.03964,0.36453333,0.8057024,0.019783662561669517,0.37893888,0.02494438136129192,1,79.9642087523623,6.902879221995433
0.84664243,0.7806494088640195,0.6349508106888215,-0.7317618,9,2.9325695,341.4396,0.040875,0.07115,0.037550002,0.4678,0.83487624,0.011724912380773948,0.43125,0.025740997510487987,1,79.9658257198737,6.903508042694317
0.73598754,0.5903370437742084,0.5012746245950527,-0.6242379,11,11.646068,288.31012,0.05165,0.07815,0.0508,0.3565,0.7143716,0.025884575522301764,0.33940372,0.019537033480835003,1,79.96402908930547,6.90692164077397
0.83008546,0.7719779250697405,0.6368270597632859,-0.7129613,3,1.3162409,225.20863,0.045875,0.07725,0.0412,0.4707,0.79674155,0.02762776660282338,0.42897037,0.030875702503501218,1,79.96357993166342,6.9062928200750875
0.8145132,0.6882217186475604,0.5796477085124562,-0.67997444,5,1.8543341,-0.0,0.0445,0.07455,0.039725,0.41106668,0.8178863,0.011148287172318179,0.41544816,0.020629554292716,1,79.96268161637929,6.905753830904615
0.7211324,0.5122912214144816,0.45589828908151264,-0.6275497,5,0.92740995,180.0,0.0487,0.0741,0.051433332,0.3116,0.7042648,0.015021805887755748,0.30934444,0.016224207246636157,1,79.96331043707818,6.906562314660323
0.8235294,0.6951359396194354,0.5732054818217769,-0.6937861,7,5.01336,248.34216,0.0403,0.0707,0.03945,0.406,0.82304525,0.012970424769106896,0.40100926,0.026130348347947276,1,79.96268161637929,6.907999619114914
0.78737146,0.5794447396163552,0.5041424186454782,-0.649581,7,7.2365265,230.39964,0.04295,0.07365,0.0419875,0.357,0.7984985,0.02199796822291874,0.37243703,0.04166207009877497,1,79.961962964152,6.908897934399033
0.7009987,0.5079634996303399,0.4413780577339931,-0.6152617,5,6.6729856,33.88304,0.046133332,0.071836665,0.049733333,0.31849998,0.7135147,0.03307277680928653,0.32132778,0.028456289148853654,1,79.96079515428264,6.908628439813798
0.7933712,0.6351101049209378,0.5410417279390124,-0.6695616,5,6.233512,63.601566,0.0407,0.07105,0.0418,0.3798,0.8052514,0.010576119828948601,0.38348335,0.02313876084444145,1,79.96133414345312,6.908179282171738
0.8292557,0.7177861066452691,0.6022136395915694,-0.7082638,11,2.8006139,270.0,0.043533333,0.073866665,0.04045,0.4286,0.82645255,0.00929077520020959,0.4301,0.011040977395921187,1,79.969598644067,6.9124013640071
0.76785,0.5890762639897698,0.5022740323757668,-0.668798,12,0.92740995,-0.0,0.0439,0.0707,0.0488,0.365,0.77294344,0.017715884180579393,0.37244445,0.01892205533504138,1,79.96825117114084,6.913569173876455
0.86980164,0.8146625981380506,0.6704092877876725,-0.7561036,10,3.347859,213.88338,0.04206,0.0671,0.0321,0.4902,0.8515544,0.01883542546698896,0.4623963,0.029161583855949844,1,79.96762235044194,6.914826815274223
0.73164296,0.5347513694310969,0.4675071007667884,-0.6428692,9,6.2065516,153.26727,0.044366665,0.07395,0.052,0.3378,0.72228795,0.02437062665891789,0.3323611,0.009231165404719723,1,79.96609521445895,6.914736983745811
0.74339247,0.5357888671629822,0.4748871337745376,-0.65465575,8,2.076071,333.2673,0.04191667,0.0664875,0.044493333,0.3264,0.7350556,0.03203595376566682,0.3132111,0.03687143220187553,1,79.96564605681688,6.913928499990103
0.6964196,0.5130390827148895,0.450743105774191,-0.6079233,8,4.1467037,333.26733,0.05185,0.08054,0.060149997,0.3252,0.68854374,0.03694543777047072,0.3280978,0.03309905913879785,1,79.963490100135,6.913209847762808
0.74414635,0.5763672818520147,0.4976358725457899,-0.6269152,10,7.236566,309.6001,0.0553,0.08725,0.0561,0.3662,0.7258344,0.017308778216622262,0.3620037,0.006516729162378824,1,79.96375959472023,6.913299679291219
0.7074667,0.49517733743494746,0.42336117899385073,-0.61493737,13,5.251175,314.79095,0.045875,0.073175,0.046375,0.30065,0.73115873,0.04718721578449404,0.32437408,0.028468690883064012,1,79.96375959472023,6.9129403531775715
0.611519,0.4506468436346143,0.377918785578638,-0.5475112,8,4.719926,168.60938,0.04853333,0.07835,0.066275,0.2945,0.6230041,0.014175363787744016,0.30011666,0.005964901749603664,1,79.96357993166342,6.914197994575339
0.6086357,0.4518427019689341,0.3998503765039347,-0.5570815,7,0.0,-0.0,0.05445,0.0849,0.0735,0.31370002,0.61455387,0.022942179925965353,0.31314814,0.013830297275685188,1,79.96366976319182,6.913748836933279
0.76491266,0.5785315299832583,0.49021142063854906,-0.660463,11,10.260979,169.6213,0.043041665,0.0748,0.045450002,0.353,0.745754,0.018215320007262774,0.34055555,0.018491686653985945,1,79.96160363803835,6.9138386684616915
0.7903446,0.6556176967107298,0.5323624531482953,-0.68576795,4,3.8201253,14.134929,0.04436,0.071757145,0.0436,0.378,0.7894813,0.017213120462382967,0.37482038,0.007744299819826193,1,79.96025616511217,6.913120016234395
0.73817563,0.5251995697950084,0.4497374960981204,-0.62252736,5,6.724929,196.0562,0.045983333,0.0735,0.0482,0.3272,0.7330497,0.03745080151774223,0.3372148,0.028960919503227735,1,79.96025616511217,6.914018331518515
0.7427237,0.4708732707328424,0.4233603754082309,-0.6490683,26,2.0851307,116.39874,0.03985,0.057,0.039766666,0.27196002,0.7408976,0.012800901464530322,0.2737178,0.009800870744104894,1,79.97193426380572,6.9016215805976655
0.7245824,0.504012616121561,0.4529134722302695,-0.66229105,30,0.93417907,90.0,0.038775,0.0586,0.042850003,0.28652,0.73321414,0.034978469840069804,0.28469852,0.016817623833706222,1,79.97319190520349,6.902340232824962
0.76339597,0.5323633891362618,0.46974172166888706,-0.6705737,26,11.23092,55.203526,0.03776,0.05985,0.0408,0.30175,0.7640684,0.005368825754576315,0.29284814,0.00721319127562277,1,79.97426988354444,6.902160569768137
0.7993242,0.5647780602835231,0.49861228304844996,-0.70598257,21,11.955806,67.527695,0.036233332,0.055333335,0.0356,0.3226,0.79288155,0.013634794665793542,0.3167222,0.010895577828264906,1,79.9748088727149,6.901801243654489
0.78987765,0.545686253080827,0.46919685339471995,-0.68671995,12,4.7199206,11.390321,0.036925,0.0583,0.035949998,0.3088,0.7529139,0.05865958134179925,0.30808702,0.01833254555287625,1,79.97660550328314,6.9011724229556055
0.7089188,0.46540332200359935,0.42608385925037706,-0.63521004,8,6.464861,180.0,0.04025,0.0619,0.046525,0.284,0.7122762,0.02114978508412569,0.28797963,0.0073701587059441815,1,79.97615634564109,6.901980906711313
0.75448847,0.46810980084776965,0.4186388138981393,-0.6475033,6,7.0710163,66.95187,0.0403,0.0597,0.039325,0.2706,0.7439817,0.04545986234615912,0.2766389,0.013025656993021212,1,79.97840213385139,6.9011724229556055
0.70628494,0.4544633664777994,0.4087604238351253,-0.6105171,3,4.639503,142.92987,0.04245,0.064383335,0.04526,0.2735,0.70469135,0.02642427068351888,0.27869257,0.013308630430189015,1,79.97822247079456,6.901980906711313
0.7935465,0.5573972270545349,0.48691430983170547,-0.67902267,5,1.8543341,-0.0,0.040433332,0.060470834,0.037550002,0.32066667,0.7566115,0.034776694329831735,0.3034963,0.013597199794098378,1,79.97831230232298,6.897938487932776
0.751828,0.5985070733658988,0.5075414956876378,-0.647348,9,4.639493,142.93004,0.0462,0.075725,0.0482,0.36013335,0.73974633,0.03524513034248762,0.3434537,0.0236543478833305,1,79.97678516633997,6.899196129330543
0.5271309,0.3574967687647096,0.3245735077705562,-0.49517116,12,9.240876,174.24799,0.06875,0.08675,0.08475,0.2575333,0.5582216,0.1594199794651465,0.25873148,0.052500430234627936,1,79.97750381856726,6.902430064353373
0.7015207,0.5051310314842961,0.44467041043717537,-0.6205979,32,0.92740995,-0.0,0.05025,0.07245,0.05535,0.32419997,0.66053784,0.07594849127078683,0.2886463,0.029014076973537455,1,79.97498853577173,6.906382651603499
0.52712864,0.31828587818470505,0.2944155584030112,-0.4908749,23,2.9325714,18.56051,0.0574,0.0778,0.06725,0.2338,0.4867805,0.09634304234951191,0.21767223,0.02161840711397821,1,79.97741398703886,6.907011472302383
0.669563,0.45869025212165465,0.4074947849796727,-0.60304904,7,2.6310987,45.20873,0.0472,0.07105,0.052100003,0.2944,0.6651825,0.0225530826208423,0.29249445,0.012971733975337145,1,79.98019876441963,6.908179282171738
0.77845997,0.6000812559286385,0.5116091705442007,-0.6738551,8,2.0760665,333.26755,0.04455,0.07185,0.04653333,0.3596,0.72361267,0.06785456098071019,0.31265,0.037910507653003515,1,79.9785817969082,6.908987765927446
0.75613964,0.5411777852805034,0.47579443986445086,-0.6639772,11,8.727858,58.18197,0.04425,0.06695,0.04732,0.3244,0.75704765,0.013599352695700865,0.31696296,0.013076269568516317,1,79.97768348162408,6.9087182713422095
0.6299585,0.4449837855030886,0.38669255624599214,-0.55396354,12,2.6311018,45.208794,0.0537,0.07955,0.0629,0.2946,0.6442917,0.03231793531149415,0.2940889,0.005043703392293522,1,79.97759365009567,6.909077597455858
0.6824552,0.43864931848765176,0.3997236453041443,-0.60911316,3,0.9341922,90.0,0.04285,0.0614,0.048100002,0.2672,0.67476845,0.017048371016356166,0.27025184,0.008304813085568834,1,79.9800191013628,6.908987765927446
0.6634,0.4118720248771267,0.36855176195057926,-0.5987955,4,0.9341933,270.0,0.0412,0.06095,0.049625,0.254,0.66205204,0.006762876380824992,0.2599722,0.00616824559567523,1,79.98037842747645,6.909347092041093
0.66468257,0.4627971994018741,0.4119142478678841,-0.58182216,6,5.934521,141.13628,0.0495,0.0758,0.0592,0.2898,0.683484,0.02569887708974127,0.2967211,0.00993220940352026,1,79.97876145996503,6.909975912739977
0.63609624,0.44789948473454566,0.3923352198295271,-0.55822587,6,3.9431965,225.20886,0.0509,0.0778,0.0633,0.29046667,0.6365162,0.013515479319352814,0.28453702,0.0031472167517795297,1,79.97813263926615,6.910335238853625
0.8066168,0.6949524754218778,0.5743429080830178,-0.68942034,11,3.8201249,194.13489,0.047633335,0.074275,0.04462,0.413,0.7819785,0.0164839484914945,0.3913824,0.016024478258704136,1,79.97741398703886,6.911592880251392
0.6497229,0.38577653676424684,0.3475573975269747,-0.59201115,5,2.631105,45.208862,0.04265,0.06115,0.047,0.2429,0.651067,0.026404406245134193,0.25494444,0.01762247231125068,1,79.98073775359009,6.910335238853625
0.78735995,0.5800772811266994,0.4952796987190015,-0.6829667,7,2.0760722,333.26724,0.0451,0.06,0.03936,0.33394998,0.75069785,0.057736592526266076,0.3255037,0.017585217858103214,1,79.9792106176071,6.915186141387871
0.7045772,0.5150454566406648,0.4586561130870713,-0.63019353,11,2.9325726,18.560572,0.048175,0.07532857,0.0538,0.3286,0.7187346,0.014241974196613482,0.31901297,0.011393317472033745,1,79.97588685105585,6.9087182713422095
0.58080363,0.3911777699356708,0.36175333713390756,-0.5568708,18,4.6394873,217.06987,0.0497,0.07746667,0.0729,0.2914,0.6236298,0.050187091071767255,0.28649628,0.006628885123524066,1,79.97076645393636,6.8973994987623035
0.5815603,0.39837820758464604,0.35119405053660946,-0.529623,7,2.0760522,26.731657,0.0522,0.0763,0.0691,0.28570002,0.58403075,0.010328710830383754,0.2884111,0.010342084878371948,0,79.94552379445261,6.892907922341706
0.56365657,0.40299376013684707,0.3585457421805355,-0.5437517,5,2.0851004,63.600845,0.051725,0.080375,0.068833336,0.30626667,0.5648118,0.011106950665315453,0.30477777,0.0022612171682131485,0,79.9454339629242,6.893177416926942
0.6256772,0.4255216711980182,0.3824437155753757,-0.5689452,7,1.316223,134.79214,0.04975,0.07775,0.068100005,0.3294,0.6335685,0.026007456108656332,0.3161889,0.012320754646408555,0,79.9454339629242,6.8936265745690015
0.6164958,0.4167930385320184,0.38073394021067614,-0.5923678,6,1.8543341,180.0,0.0487,0.08073334,0.0671,0.3055,0.6082948,0.01175471480586416,0.30420777,0.003061048903426411,0,79.94534413139579,6.8940757322110615
0.6800179,0.47203303450961154,0.4249764120646326,-0.59386086,12,5.013239,248.34161,0.04825,0.0752,0.05775,0.3173,0.67391264,0.02366868312397794,0.3156222,0.005295861396364691,0,79.94525429986737,6.894704552909945
0.6022928,0.40749501598586835,0.3699142295846739,-0.5405432,7,2.9496152,288.31052,0.054933332,0.08183333,0.070665,0.29079998,0.5795305,0.06931825666678156,0.2828974,0.01738224706396416,0,79.94516446833896,6.895423205137241
0.66578096,0.4509677622796212,0.41810753270146295,-0.5790172,7,5.624684,9.530022,0.05375,0.0819,0.0695,0.30629998,0.6501255,0.02823551963580828,0.30299073,0.009200809130985477,0,79.94570345750944,6.896321520421361
0.5776293,0.37928494457912554,0.33703455950009986,-0.5438084,4,2.8005235,270.0,0.04815,0.0714,0.063,0.28579998,0.58172405,0.01673312743611355,0.28955555,0.004519366002105383,0,79.9462424466799,6.897130004177068
0.61257344,0.41617865585251057,0.3789342139705184,-0.53663,8,2.9496276,288.31046,0.05385,0.08155,0.0717,0.3007,0.5919987,0.022108535069413238,0.29537964,0.005210762505383378,0,79.94660177279356,6.89766899334754
0.59191173,0.4086593181394987,0.36761709032718876,-0.54394776,6,4.146678,206.73193,0.0482,0.0753,0.0638,0.291,0.58918506,0.011178413565180012,0.29095554,0.0025573896677108156,0,79.94687126737878,6.8987469716884835
0.7645568,0.5779700641211353,0.48073905133657824,-0.6464255,6,2.9496293,288.31042,0.049741667,0.075775,0.0495,0.3576,0.75814974,0.02888682420099242,0.36714444,0.02583745361574036,0,79.94785941419131,6.898028319461187
0.7540826,0.5985624188294352,0.5168470564983976,-0.6598374,9,2.7802885,180.0,0.047775,0.0772,0.05,0.372,0.767586,0.018223613017384392,0.38440186,0.01214845497689319,0,79.94911705558908,6.897938487932776
0.57251096,0.39234960270944286,0.3465766003311446,-0.53466564,15,2.9496355,251.6896,0.0618,0.081575,0.07105,0.2646,0.5284352,0.07070398192583047,0.24463147,0.017086124762072247,0,79.94974587628796,6.899106297802131
0.8135924,0.6676333045787399,0.5683128515799332,-0.6975507,13,2.932565,341.43988,0.0441,0.074025,0.043583333,0.3949,0.7855114,0.022234369155424632,0.36084628,0.02210229322871069,0,79.95055436004368,6.896321520421361
0.786106,0.49679686159397196,0.4482778719944412,-0.6697292,28,4.639493,37.06996,0.039775,0.06032,0.036275,0.2954,0.7797082,0.020734201272388567,0.30019444,0.012304926915012416,0,79.95351880048128,6.899106297802131
0.6493205,0.4256830347339419,0.3780870368729799,-0.56166595,14,5.9438705,308.45688,0.0482,0.0736,0.0595,0.302,0.6728424,0.028945110869337737,0.30849072,0.013705396620963485,0,79.95495610493586,6.898657140160071
0.7237846,0.4285259614126755,0.3969924633968399,-0.63722587,32,2.0851023,296.39914,0.0414,0.06775,0.04746667,0.267,0.6769324,0.06173866185529905,0.25624815,0.015875624046003903,0,79.95567475716317,6.893716406097414
0.84064734,0.7596096898666762,0.629125677132112,-0.7099257,9,7.227007,220.00995,0.04055,0.07655,0.0390875,0.4544,0.83832675,0.006972483673175786,0.43728888,0.01781382622331719,0,79.95387812659492,6.890392639546172
0.72840637,0.5410763736712356,0.48815012600468444,-0.63305986,10,2.07605,153.26846,0.04705,0.07965,0.05745,0.34890002,0.7248373,0.006967207487213085,0.34328333,0.007642642940523323,0,79.95504593646427,6.890392639546172
0.64705145,0.4531692029703157,0.4072206470658467,-0.58160156,8,2.0850897,243.6007,0.04795,0.0802,0.0642,0.30650002,0.6969538,0.03557325573474874,0.33627778,0.018979685559290554,0,79.95432728423698,6.890033313432524
0.15601477,0.11446925797425975,0.1007079227399418,-0.2462942,18,7.4760113,299.56625,0.1254,0.1517,0.1734,0.24533333,0.22808143,0.1468230078644937,0.25197038,0.01892857937318688,0,79.95729172467458,6.891470617887115
0.58151543,0.40075363618554416,0.36097759618851666,-0.54510236,25,4.9870872,201.94502,0.055833332,0.0867,0.0834,0.2986,0.5646607,0.08355254036180891,0.27802777,0.015078701484689209,0,79.95827987148711,6.8907519656598195
0.53561944,0.3442122190018828,0.3146410445688408,-0.51601326,22,4.719917,168.60992,0.05855,0.0816,0.079174995,0.2508,0.52639157,0.08385551828498987,0.2509102,0.03236909697389496,0,79.95854936607235,6.890572302602996
0.10738973,0.07569415558041355,0.06681770147703191,-0.16920239,23,3.3478036,213.88197,0.1206,0.1496,0.17,0.2243,0.20473129,0.08030336561904707,0.22001296,0.02583288014406533,0,79.96142397498153,6.889494324262052
0.42917985,0.3345741541187169,0.3023335015342967,-0.5109541,37,2.0850837,116.39938,0.0718,0.10534,0.12979999,0.33176666,0.46288985,0.03462630250657307,0.32171482,0.007251017431906656,0,79.96088498581105,6.888416345921109
0.50426584,0.3614307039758171,0.3345074414727238,-0.56124264,36,5.883595,71.6892,0.058,0.08595,0.099133335,0.30766666,0.50159776,0.03894827190200742,0.30125,0.010943564714891796,0,79.96133414345312,6.88805701980746
0.6976395,0.4197741145867195,0.38345446578382425,-0.61149764,32,5.624681,9.529868,0.042375,0.06315,0.04252,0.2515,0.6643916,0.05937328507420247,0.25619352,0.013565265696470869,0,79.96492740458959,6.888596008977933
0.08957378,0.059824765350008184,0.052075584013878656,-0.1171464,11,5.8498363,198.55988,0.09495,0.1131,0.12,0.15540001,0.08169936,0.01692197426471088,0.16030371,0.006202176839264461,0,79.96708336127148,6.88940449273364
0.06468628,0.04413890888887032,0.03643727019604524,-0.08921613,18,2.6310482,134.79236,0.1169,0.13233334,0.1363,0.15959999,0.060325515,0.00920034983065189,0.16407408,0.009145094480845457,0,79.96780201349877,6.890033313432524
0.3728688,0.2649139286753168,0.21921568624395504,-0.3773766,19,2.9325619,198.55994,0.080466665,0.0968,0.0922,0.2432,0.45776042,0.17185766281215195,0.24326944,0.037446602493751084,0,79.96735285585672,6.891290954830291
0.1951879,0.10760887854148074,0.0977073661140537,-0.21462592,17,3.3478072,213.88206,0.08665,0.1054,0.11,0.1773,0.2297792,0.08970481824383603,0.18389723,0.01614985694772144,0,79.96681386668624,6.8912011233018795
0.12311017,0.0807699606434229,0.07374203548958325,-0.18655035,16,5.4208927,300.78076,0.1029,0.1294,0.146,0.1927,0.19149746,0.07734765475276198,0.19270444,0.0057775028583678875,0,79.96331043707818,6.892009607057587
0.5001266,0.3883862126829727,0.3395681653135038,-0.49596417,10,3.347809,33.882107,0.07131667,0.10541666,0.108,0.329,0.4800741,0.07722196648345259,0.30042776,0.020204113373180795,0,79.96250195332247,6.891919775529175
0.28263813,0.20501473965561615,0.18663991897493087,-0.31824702,24,6.7660713,105.83594,0.08285,0.1129,0.1275,0.241,0.32071796,0.08143927435102102,0.22934352,0.01443552455605497,0,79.96160363803835,6.893177416926942
0.11400268,0.09650891831336758,0.08616220147972611,-0.21666445,24,6.2333636,63.600883,0.11533333,0.1543,0.1834,0.24763334,0.19516665,0.08334164527360519,0.24132371,0.01635566765617439,0,79.9612443119247,6.893806237625826
0.7144245,0.5598153211265049,0.4839876986156755,-0.6276411,28,7.488344,97.07404,0.0481,0.0782,0.0588,0.3638,0.6810079,0.03743010254619793,0.3227111,0.029195902305978426,0,79.95639340939046,6.892818090813294
0.7318367,0.5727481996475294,0.5008225493951483,-0.6448272,21,5.0132184,248.34152,0.0503,0.08025,0.059100002,0.36360002,0.6424273,0.13696754746105247,0.33541667,0.04063099636134771,0,79.9574713877314,6.89263842775647
0.610998,0.3994266955869374,0.3697488124239716,-0.57285184,5,0.92740995,180.0,0.0488,0.0726,0.0664,0.2776,0.60061544,0.009572592891612549,0.27464443,0.006132449570150185,0,79.9469610989072,6.889673987318876
0.5867719,0.3828330536875739,0.35177860790048326,-0.5510577,5,0.92740995,180.0,0.05375,0.0769,0.06955,0.2825,0.5943087,0.016507594896261118,0.28224444,0.006388897799515464,0,79.9469610989072,6.8898536503756995
0.5716427,0.3743048524674385,0.33126021050492827,-0.51437944,5,2.0850916,63.600723,0.05235,0.0759,0.06825,0.277,0.5684119,0.009376024796627223,0.2782,0.006321563350396864,0,79.94723059349243,6.890572302602996
0.5645036,0.3884234008920078,0.3449153103984478,-0.52853876,5,2.9325612,18.559902,0.05455,0.08125,0.08140001,0.291,0.57702327,0.013037171365823915,0.28993332,0.003923430598868856,0,79.94741025654926,6.890392639546172
0.5350002,0.37620891350509356,0.31715308115884355,-0.52761585,3,1.3162192,225.20769,0.05535,0.08105,0.0757,0.2708,0.54781353,0.02691090128639116,0.2736111,0.010360981035551612,0,79.94785941419131,6.890841797188231
0.577072,0.3908148029174181,0.34865014595266997,-0.55756336,5,3.7316742,90.0,0.0507,0.073,0.0662,0.2781,0.5877577,0.016292533503367613,0.27896667,0.005006831141794665,0,79.94714076196402,6.891021460245056
0.6043046,0.3680371380617556,0.3443640176831863,-0.5498305,7,1.8678179,90.0,0.047166668,0.0703,0.0642,0.2708,0.6011478,0.01477517753269247,0.27633703,0.007914456187123213,0,79.9469610989072,6.8912011233018795
0.5832071,0.3894596582656492,0.3579985632979268,-0.5490529,6,1.3162199,314.79227,0.0512,0.0723,0.0682,0.2839,0.5914562,0.012652804513766183,0.2847926,0.004508637698524254,0,79.94678143585037,6.891290954830291
0.6165735,0.4262133110231674,0.3899266095441126,-0.57921076,7,1.3162192,134.79231,0.0497,0.072,0.0642,0.2884,0.62234753,0.018637300248574417,0.29373702,0.010416456750597488,0,79.9469610989072,6.890841797188231
0.5622118,0.39207980408891074,0.3530086290106622,-0.54598767,7,0.92740995,180.0,0.0527,0.08065,0.0673,0.2943,0.5746587,0.00742435864556112,0.2913,0.005197011553328822,0,79.94687126737878,6.891560449415527
0.591289,0.3863721674007925,0.3557219945110337,-0.5405285,5,5.0132136,248.34149,0.0559,0.0805,0.06905,0.2852,0.59677905,0.008935922005446892,0.28531295,0.0030985644807377407,0,79.94633227820832,6.891829944000762
0.58113223,0.396885000916371,0.3589157551195813,-0.5381049,7,3.3478096,213.88213,0.0522,0.07895,0.0654,0.2898,0.57913476,0.016354860864105078,0.29225925,0.006812733166543555,0,79.94633227820832,6.892099438585999
0.645798,0.4609584586792382,0.3933559858400659,-0.57653254,7,0.92740995,180.0,0.049825,0.0747,0.05875,0.28750002,0.64939857,0.012726862212635122,0.29233888,0.008986458730704161,0,79.9454339629242,6.892548596228059
0.58200693,0.3733364044418228,0.32729665348428727,-0.5275217,6,2.7802885,180.0,0.051966667,0.0756,0.06305,0.29,0.592238,0.013598356605736118,0.2945852,0.005331344020712862,0,79.94579328903784,6.892279101642822
0.6769794,0.4927151200907,0.42281441089698274,-0.6027831,11,5.6246824,189.52994,0.0508,0.07588334,0.05855,0.31275,0.6772622,0.008841169897287738,0.3115037,0.004547069078809416,0,79.94741025654926,6.891829944000762
0.693962,0.4973215366780591,0.45378945841774637,-0.6272523,7,1.3162223,314.79218,0.045,0.071875,0.0518,0.3316,0.68404806,0.06216334590362587,0.30908147,0.019774626760720018,0,79.94606278362308,6.893177416926942
0.68329483,0.49558441417773896,0.42652941401188704,-0.60809743,12,8.28584,63.600857,0.0499,0.0707,0.056649998,0.31489998,0.68206996,0.030664705932136268,0.31013888,0.00811359516536698,0,79.9448051422253,6.893267248455354
0.63916254,0.42965238730256977,0.37754607759047937,-0.5934664,6,0.92740995,180.0,0.0495,0.0756,0.0598,0.2896,0.6340911,0.011617170937952061,0.2936,0.003380653710806323,0,79.94498480528213,6.894165563739474
0.6378295,0.4200533153897374,0.38498529148863686,-0.5687874,10,6.6914177,123.49836,0.0489,0.07575,0.0644,0.2861,0.58528847,0.09055798309607985,0.28039443,0.02229481666571437,0,79.94453564764008,6.895513036665653
0.6632653,0.4699661388965738,0.41582277445380755,-0.595761,8,3.35716,123.498314,0.0492,0.076775,0.06205,0.2934,0.6659668,0.015999660878425824,0.30708888,0.010126998452366984,0,79.94507463681055,6.896321520421361
0.6384953,0.4301763104671314,0.38865925247281297,-0.56239694,3,0.9341697,90.0,0.0451,0.073625,0.059,0.2982,0.64381474,0.0235197286571067,0.29750445,0.013168245979647185,0,79.9454339629242,6.897579161819127
0.61259097,0.4197355132260798,0.37116863086622126,-0.53169364,4,5.849848,341.4398,0.05085,0.0735,0.0686,0.28066665,0.6190949,0.023841272207939107,0.2891648,0.006858793762009452,0,79.9448051422253,6.8987469716884835
0.5746924,0.42511966089025915,0.34977417364324764,-0.53688264,7,2.6310732,225.20818,0.0465,0.0737,0.064,0.2792,0.5798705,0.012943503352459902,0.2858,0.007293834990223905,0,79.94606278362308,6.898926634745307
0.5466399,0.40574948945689326,0.33998275424377206,-0.5147348,3,4.987101,338.0546,0.0534,0.0766,0.0713,0.2938,0.5555187,0.029229627067121705,0.28743333,0.005827923584459451,0,79.94453564764008,6.900184276143074
0.5171668,0.3929261207806395,0.3298655187776512,-0.49384096,4,3.7317483,90.0,0.05405,0.0792,0.0706,0.2876,0.56029505,0.030098443610141485,0.29003334,0.006091935622136464,0,79.94354750082755,6.900633433785134
0.5116959,0.3747072866769722,0.29664877931045197,-0.5088364,6,1.8678529,90.0,0.0604,0.0847,0.0803,0.2958,0.5279321,0.03595972620138717,0.2942778,0.003762098583121159,0,79.94300851165707,6.900094444614663
0.7124627,0.5571221691859806,0.4899848473044389,-0.64135116,3,4.639495,217.06999,0.0494,0.0794,0.0581,0.3422,0.6936105,0.04658216030141984,0.3413,0.023537015160177865,0,79.94498480528213,6.899735118501015
0.56185246,0.42052912822283894,0.35419688078255795,-0.53048533,5,1.3162316,225.20822,0.05775,0.0815,0.07756667,0.2959,0.55743825,0.01676491042108851,0.2962574,0.005779126984486659,0,79.94372716388438,6.899735118501015
0.39162558,0.2543235077579538,0.2431938906718584,-0.46341848,20,7.436473,187.17647,0.05578,0.0854,0.0999,0.2496,0.45264268,0.12321044805436235,0.24574815,0.0151802476021074,0,79.94678143585037,6.900723265313546
0.6128405,0.43576358497675083,0.36820318121617446,-0.5401765,5,1.8543341,180.0,0.0557,0.08033333,0.065850005,0.2724,0.61283493,0.015027320203962122,0.2851611,0.01304117141791116,0,79.94417632152643,6.901441917540842
0.6891736,0.47606944951598573,0.42266683236525826,-0.59966326,6,2.6310878,225.2085,0.0518,0.07823333,0.0601,0.3077,0.6886797,0.017841315850672643,0.30775186,0.0038124640937592046,0,79.96537656223165,6.904047031864788
0.6505998,0.45346569318437135,0.39567836721609895,-0.5836325,7,1.8678694,270.0,0.0511,0.07886667,0.063250005,0.3116,0.6618225,0.016166816906986927,0.31247038,0.006071390694138636,0,79.96600538293053,6.9041368633932
0.733181,0.5135590079896263,0.4670983632362816,-0.6183989,5,1.8543341,180.0,0.051,0.0817,0.056066666,0.3232,0.704554,0.044617015588138735,0.32192963,0.013562625686776826,0,79.96483757306117,6.904047031864788
0.6875914,0.4620263595187548,0.4179729189864786,-0.6018495,8,2.6310894,314.79147,0.046816666,0.071175,0.055025,0.3018,0.69485146,0.011996157177139956,0.31213334,0.005901788127131961,0,79.9679816765556,6.904675852563672
0.73668134,0.550165402894482,0.47458580108899834,-0.64369375,6,2.0851505,116.398476,0.045833334,0.0707,0.05056667,0.3332,0.73892766,0.038418314900869215,0.34300092,0.03411872690054613,0,79.96340026860659,6.907280966887619
0.6413934,0.4295942663356645,0.37794431549860275,-0.568121,8,2.9496386,251.68962,0.0536,0.0785,0.0651,0.30413333,0.6408873,0.009971278342978632,0.3043037,0.005252798715607022,0,79.96681386668624,6.899824950029426
0.5893126,0.4176561172384117,0.36288393262231067,-0.55312085,10,2.631074,45.20819,0.05052,0.078275,0.0686125,0.27685001,0.61393374,0.011831669341415088,0.28855,0.006766826225216183,0,79.9658257198737,6.899285960858955
0.59551185,0.41773148652447917,0.3538771084237266,-0.55285245,11,7.488438,277.07394,0.050966665,0.0756,0.0682,0.2818,0.62024426,0.01763636102838396,0.28798333,0.010699583213316075,0,79.96699352974306,6.898926634745307
0.7182578,0.5454792654036543,0.4697792942210597,-0.6219614,14,7.2270694,319.98944,0.0506,0.0787,0.052950002,0.3572,0.7153858,0.01128335824053926,0.35062778,0.012511348068798032,0,79.96932914948178,6.900363939199898
0.6185502,0.4047271539395654,0.3720873423885781,-0.552124,5,2.8005219,270.0,0.0506,0.0756,0.0678,0.2897,0.6061648,0.007174556209098313,0.28652963,0.00954216784972034,0,79.96753251891354,6.896950341120244
0.6272694,0.44516976726642754,0.3899868049341165,-0.57484007,6,2.9496214,71.689514,0.04965,0.0727,0.056825,0.2856,0.66587883,0.03292099121191609,0.3014574,0.018767666440885684,0,79.96699352974306,6.896680846535008
0.61264604,0.4303463998039587,0.38473256175400816,-0.5660887,6,3.357156,56.50164,0.048475,0.072966665,0.058133334,0.2999,0.6249607,0.010749311160008728,0.30334446,0.008474190129221166,0,79.96690369821465,6.895423205137241
0.5438182,0.40104419303655486,0.36604541699601856,-0.5051238,27,4.751501,78.76977,0.06475,0.08433333,0.07985,0.2857,0.53057843,0.08839954296579651,0.2638389,0.03519044863747887,0,79.96968847559542,6.894794384438358
0.62265456,0.4598178567418641,0.39248513901742177,-0.5688456,13,0.92740995,-0.0,0.0469,0.07365,0.059233334,0.3012,0.6198685,0.006990294833828441,0.29990333,0.0033946215895219603,0,79.96744268738513,6.893896069154238
0.66594595,0.4843719340289581,0.4239178309919348,-0.59561884,24,4.648858,53.329357,0.04744,0.07265,0.0541,0.3032,0.6590893,0.02377569864073801,0.28985184,0.023845903504546212,0,79.97615634564109,6.892279101642822
0.7518495,0.5795601524805607,0.49724105800258417,-0.6629684,7,5.9439,231.54333,0.04075,0.06874,0.0454,0.3464,0.76011235,0.023670292966491653,0.35253888,0.02205797583359111,0,79.97525803035697,6.902609727410197
0.80797076,0.5646803778283069,0.4949472915129716,-0.67944825,21,11.07412,48.57341,0.0371,0.058116667,0.0331,0.3144,0.81493855,0.012364981479140322,0.31225556,0.016371593244682393,0,79.97678516633997,6.903867368807965
0.7698701,0.5265318756791644,0.4695431428155614,-0.6762705,30,0.93417907,90.0,0.04055,0.0602,0.0407,0.31166667,0.7268861,0.052618789228068855,0.2754652,0.025238389520618677,0,79.97310207367508,6.902250401296549
0.75421345,0.4470190053430718,0.41288660196176674,-0.65460384,22,7.236501,129.60051,0.038575,0.05345,0.0365,0.2498,0.73191905,0.053886466166544,0.24367778,0.029013705808808927,0,79.9777733131525,6.906113157018264
0.7662299,0.5424973478467259,0.4771543654880449,-0.6853069,10,8.787321,108.3101,0.040066667,0.061516665,0.04078,0.3123,0.7411077,0.038165333795862594,0.29997554,0.023525348515311288,0,79.97930044913551,6.90737079841603
0.80248725,0.5590604378882077,0.501801396114966,-0.695852,22,9.598347,343.18552,0.0382,0.0554,0.034500003,0.31786665,0.7904281,0.017437359872988206,0.3068648,0.01460240079413749,0,79.97570718799902,6.907730124529678
0.7217606,0.4303388048970858,0.38979488815309143,-0.62800324,16,10.737805,200.11763,0.0436,0.0573,0.041566666,0.2557,0.722218,0.019249627663102425,0.26613703,0.00928351335027867,0,79.97409022048761,6.9100657442683895
0.8064333,0.7027394953254466,0.5833806029511287,-0.6930415,16,4.6489787,53.33047,0.048633333,0.077125,0.04595,0.4199,0.80626684,0.010153828425084353,0.41955,0.02104040506618592,0,79.97013763323748,6.91150304872298
0.6309341,0.4208681696625617,0.3731495822926858,-0.5678659,5,2.932576,341.43924,0.04945,0.0761,0.0592,0.2906,0.6336885,0.00820420430853532,0.29583147,0.006122270217803108,0,79.96510706764641,6.914287826103751
0.6814847,0.4385613276097571,0.4075207641051475,-0.5949292,10,11.896528,202.7687,0.0464,0.0723,0.050899997,0.2886,0.7040375,0.014487908549386128,0.29245,0.01648569054881222,0,79.96142397498153,6.913928499990103
0.7325733,0.5491956988257615,0.4882165843949329,-0.6290584,9,4.7517495,78.77037,0.049366668,0.07685,0.056775,0.35250002,0.72991806,0.005391683953055778,0.35051852,0.006261938765186944,0,79.96870032878289,6.9204862015641755
0.22158335,0.14156705222680022,0.1503993836193075,-0.39218026,30,2.93258,161.439,0.079,0.1083,0.1637,0.2674,0.34002048,0.09345161299188384,0.2640926,0.009064258104274074,0,79.9732817367319,6.920665864620999
0.4549947,0.28896032222397205,0.27643080048009216,-0.48705885,10,1.31625,225.20901,0.0606,0.0827,0.0854,0.2662,0.49569544,0.06927227302193661,0.2708972,0.015652899278919486,0,79.97669533481155,6.912760690120748
0.45162708,0.33326602731806065,0.3075313960140391,-0.4598339,12,3.9432025,134.79105,0.08363333,0.106,0.1118,0.30150002,0.46814167,0.0663953081271129,0.28670186,0.015441336928487138,0,79.97974960677756,6.911682711779804
0.5343519,0.3968135348889022,0.3535208415200542,-0.5449096,7,7.071138,113.0477,0.0569,0.08685,0.087400004,0.3013,0.56235474,0.04675197468589476,0.29328704,0.021839856894016695,0,79.98037842747645,6.910694564967272
0.73294544,0.5477423954233402,0.47344562965462755,-0.64348274,6,3.8201234,14.1348095,0.0483,0.07085,0.04965,0.3245,0.69973403,0.04167207612602263,0.31250742,0.01562690302240349,0,79.97912078607868,6.908808102870622
0.6312115,0.4364656538740559,0.3726114576781827,-0.55691904,7,2.9496853,71.689926,0.053733334,0.08256666,0.0707,0.2988,0.6111997,0.013680752308908395,0.29907224,0.0039918267010160945,0,79.9537882950665,6.908089450643327
0.73574704,0.5304347757778356,0.4753236821253302,-0.6292772,7,0.0,-0.0,0.05165,0.07495,0.0534,0.3352,0.73405826,0.010964942229137421,0.34041113,0.014344062457677012,0,79.95810020843028,6.909436923569506
0.5676046,0.40335310554708903,0.31482870964950227,-0.5247504,4,2.9496355,108.310394,0.05305,0.081075,0.07695,0.3001,0.58505285,0.020065630820688893,0.29728147,0.008191310486779096,0,79.94453564764008,6.899285960858955
0.49972692,0.4264158569914261,0.3372430964965412,-0.47171286,2,2.9496431,71.68965,0.057266667,0.0828,0.0754,0.2827,0.5228382,0.03375158522388572,0.28884998,0.003483290395453767,0,79.94381699541277,6.90045377072831
0.5726275,0.4016311453810217,0.3517489616876499,-0.5351977,6,10.32953,280.23178,0.0522,0.0777,0.0714,0.2888,0.5812238,0.014973393042658061,0.28951666,0.006928441419594817,0,79.9447153106969,6.900543602256723
0.6091634,0.42938114511708114,0.3681432578797208,-0.5820683,17,5.4209647,239.2197,0.05217083,0.0791,0.0748,0.2995,0.6101784,0.03850128536416934,0.28734073,0.02100737780836589,0,79.94669160432197,6.90045377072831
0.5611454,0.404700192918242,0.3609436034831469,-0.52640355,0,2.0851278,243.60121,0.0563,0.0832,0.0708,0.2942,0.57442164,0.01429394978258702,0.29086298,0.01182938998012042,0,79.94444581611167,6.90090292837037
0.66509783,0.5458523967835985,0.4612528269564524,-0.61188245,6,0.9341763,90.0,0.053775,0.07955,0.058966666,0.3364,0.6773315,0.024202365961793097,0.33891296,0.012218726441989609,0,79.94300851165707,6.90090292837037
0.6886011,0.5444908647912793,0.48332415733719153,-0.5882953,7,4.164753,116.39874,0.0537,0.08345,0.061733335,0.3476,0.7170609,0.026110941436870087,0.35870928,0.01270450261714342,0,79.94363733235596,6.901531749069254
0.5908022,0.39194756791689955,0.3692950586247897,-0.54462475,6,1.8543341,-0.0,0.0517,0.074,0.0642,0.2884,0.5938659,0.01814592738593892,0.2893,0.004056262546240648,0,79.94633227820832,6.890662134131407
0.58990943,0.37662787666666425,0.3465147437352327,-0.52455246,3,1.3162196,134.7923,0.0544,0.0756,0.0697,0.2812,0.57007873,0.02547539017873731,0.2792111,0.0028270335135790626,0,79.94758991960609,6.891021460245056
0.6394974,0.44828671048024693,0.40440714063401306,-0.5769127,7,2.0760489,333.26852,0.05075,0.0769,0.06492,0.31893334,0.6572172,0.020497645414395135,0.31735927,0.008044501422409546,0,79.95405778965174,6.88895533509158
0.68740815,0.491114061606216,0.44381512770006537,-0.6201352,10,0.9341522,90.0,0.0465,0.0736,0.057,0.3148,0.6942738,0.023714328551605504,0.3203111,0.012578678409010339,0,79.95540526257793,6.88850617744952
0.65166587,0.43961894955431907,0.3942352133680498,-0.6012231,9,0.9341522,90.0,0.0456,0.07275,0.0568,0.2862,0.65703756,0.016745724694045797,0.29702222,0.0128045790085577,0,79.95567475716317,6.888596008977933
0.70460665,0.5496092854381052,0.4624369076907062,-0.6276316,9,3.7047918,-0.0,0.0489,0.07855,0.05595,0.3452,0.7135629,0.01840001202037071,0.33233333,0.00882521848965842,0,79.95450694729381,6.888596008977933
0.6305809,0.48378076309685697,0.41155664418023197,-0.5736309,6,1.3162149,225.2075,0.04985,0.07765,0.061750002,0.3049,0.62629277,0.02115415916689731,0.30661112,0.012763444981652784,0,79.95531543104951,6.887877356750637
0.6132717,0.43687166638433256,0.3832730501910395,-0.59044176,9,2.6310406,45.207466,0.05,0.0772,0.0677,0.294,0.6053085,0.032153230137606494,0.29216665,0.0033256567065678023,0,79.95549509410634,6.887248536051754
0.6024239,0.4076213322850646,0.377412463257765,-0.55084217,9,2.0760474,333.26862,0.053,0.0785,0.068100005,0.2856,0.59964406,0.004160122004613987,0.28882962,0.0029595086632509234,0,79.95621374633363,6.887158704523341
0.58292574,0.4183544716039257,0.3562898123479905,-0.5294932,7,5.4025207,31.147144,0.0525,0.07845,0.06886667,0.29180002,0.5774411,0.016740134800875214,0.28615186,0.007126012115318486,0,79.9552255995211,6.887607862165401
0.7101524,0.5448871502587078,0.46558097893947537,-0.64243025,12,3.8201137,14.13422,0.0457,0.0717,0.0517,0.3444,0.72213113,0.022217735369010432,0.33965924,0.005997212492154323,0,79.95477644187903,6.888326514392697
0.67136765,0.4779125642925959,0.4344299376516989,-0.60590875,9,6.464861,-0.0,0.0478,0.0745,0.0589,0.3176,0.6772178,0.01604707115408617,0.3116889,0.007441098246035364,0,79.95387812659492,6.888685840506344
0.6704348,0.4808216899073043,0.4210969634668079,-0.5999622,9,5.0131907,68.34139,0.0465,0.07535,0.0653,0.3104,0.67624354,0.016526138430412198,0.3189037,0.012245065839666181,0,79.95360863200969,6.889314661205228
0.693084,0.4452198459800821,0.4048164325300895,-0.5805262,36,7.0708113,66.951164,0.045814287,0.07265,0.0499,0.28530002,0.6871886,0.007285195419039183,0.2900889,0.005070268970296203,0,79.96636470904419,6.884733253256218
0.67678773,0.5011584572374748,0.4270573691526178,-0.60826427,9,2.0850866,243.60066,0.04775,0.07415,0.05875,0.32520002,0.67331225,0.022547245659038713,0.32,0.007769028975092551,0,79.95459677882222,6.889134998148404
0.6883024,0.5465844914290406,0.47550418200168926,-0.61676896,21,1.316222,314.7922,0.0512,0.0843,0.063700005,0.37190002,0.59126586,0.20759757681726068,0.33461112,0.04930401371087287,0,79.95756121925982,6.892818090813294
0.6559647,0.43925246618507463,0.3759823771615,-0.5825758,16,1.8543341,-0.0,0.05225,0.06655,0.0545,0.2776,0.6337464,0.07248177690047429,0.28200185,0.020294030429946132,0,79.94947638170274,6.895782531250889
0.27572986,0.19142751991496548,0.17609188625564817,-0.3540166,22,9.240874,185.7519,0.0689,0.1012,0.11353333,0.2508,0.27949008,0.035613919210794195,0.2500148,0.011009973793746089,0,79.95369846353809,6.8945248898531215
0.14880379,0.11219693389387693,0.1023673596965462,-0.24294999,21,11.107847,85.27059,0.1122,0.15303333,0.1803,0.26095,0.19418997,0.08127643717288294,0.2578426,0.016890586355734736,0,79.9664545405726,6.889045166619992
0.4057251,0.2544116309671724,0.23717877412574725,-0.42167935,27,2.8004744,270.0,0.06734,0.08713333,0.089,0.22389999,0.48295158,0.09243185221484165,0.24348982,0.02812949684251393,0,79.96187313262358,6.88895533509158
0.55449057,0.366922470560837,0.342429997526837,-0.5382496,14,0.0,-0.0,0.0626,0.09355,0.08885,0.2988,0.5318902,0.09502962609615033,0.30294445,0.02304011232404313,0,79.95827987148711,6.889224829676817
0.7728055,0.5608641702945923,0.49198480326695315,-0.68909746,15,7.48831,277.07407,0.0441,0.0661,0.0411,0.32126668,0.7254028,0.08000918838921232,0.2969778,0.022779940551855365,0,79.95648324091887,6.890572302602996
0.42278886,0.26628960237196675,0.2705827867757811,-0.49885225,15,5.943811,128.45735,0.0586,0.0835,0.1042,0.2574,0.4667867,0.18596682937034958,0.2825537,0.02528204521747671,0,79.95513576799269,6.890841797188231
0.6860293,0.4794286048773604,0.4231687785101605,-0.60820276,11,2.0850885,296.39932,0.04555,0.07095,0.0522,0.3054,0.6880566,0.03770089040024942,0.29504445,0.02045983413297807,0,79.95486627340745,6.889673987318876
0.47503456,0.3561971389274712,0.31124096679814434,-0.50159025,36,3.3478138,33.882233,0.0636,0.0907,0.104200006,0.2728,0.5355102,0.06432515526002285,0.27979815,0.009286506424453063,0,79.95953751288488,6.894165563739474
0.22520915,0.1492319908973103,0.1490742999303019,-0.35176963,26,8.250362,26.7319,0.07105,0.1039,0.1333,0.24340001,0.306456,0.08377231707308698,0.24169259,0.01297131777917716,0,79.95792054537345,6.89766899334754
0.16310534,0.10006130410212177,0.10702720532609139,-0.3289317,19,7.4364734,172.82349,0.0782,0.12,0.1683,0.2371,0.21136093,0.086882944236319,0.23476037,0.007591098044749673,0,79.95774088231663,6.903597874222728
0.5214329,0.3110322453731659,0.2831366189853882,-0.48822376,32,5.4209766,120.78023,0.06,0.081033334,0.0724,0.2247,0.47847992,0.06059004374555388,0.22183703,0.016520399994921636,0,79.95477644187903,6.901891075182902
0.4545564,0.3008994168074507,0.28894704994169884,-0.4641148,19,3.943156,45.208275,0.0648,0.09,0.0966,0.26029998,0.46135542,0.11862996429871243,0.24638888,0.01791972256188266,0,79.95971717594169,6.90045377072831
0.48652965,0.2889626243610441,0.2614677824116237,-0.46941587,18,2.9325671,18.560257,0.061075,0.07905,0.07425,0.22245,0.4883785,0.13323116769456655,0.25003147,0.031228682103343643,0,79.9589985237144,6.900094444614663
0.34638318,0.20439101484084923,0.18339137121457905,-0.3683536,32,5.4209275,59.219463,0.0688,0.08505,0.09496,0.19653334,0.35711914,0.07382787038746909,0.2062111,0.020976089225145517,0,79.95863919760076,6.896052025836124
0.63246465,0.4240145842215412,0.3749214979796007,-0.56546825,20,9.112665,113.80863,0.052075,0.07325,0.059100002,0.25666666,0.6447476,0.028413392849068974,0.25654277,0.01687437847419029,0,79.96160363803835,6.892548596228059
0.4502769,0.27644803009134766,0.26561948225595977,-0.45194298,34,5.4025354,148.85258,0.063033335,0.0858,0.085025,0.2248,0.42220408,0.06649089980255561,0.22738148,0.01672091873141006,0,79.96034599664058,6.89263842775647
0.38882923,0.24148536692411973,0.21345939336904457,-0.3856012,24,0.0,-0.0,0.0698,0.0956,0.093150005,0.2142,0.41352025,0.06039235374742332,0.219,0.006152551350552791,0,79.9620527956804,6.895243542080417
0.6727273,0.4511747341852956,0.4026287709210976,-0.59301513,4,0.92740995,180.0,0.04645,0.07373333,0.0601,0.3052,0.6642463,0.009266313788843489,0.2991278,0.0070956640275183615,0,79.96717319279989,6.897489330290716
0.591483,0.42046211542463174,0.36647316063521984,-0.55176663,5,0.9341692,90.0,0.0473,0.07193334,0.060033333,0.2922,0.59977716,0.02233390120314593,0.29124445,0.008949502919347447,0,79.9672630243283,6.897130004177068
0.6542016,0.43885740555763664,0.3847184020976916,-0.5727358,6,3.357156,56.50164,0.0482,0.074766666,0.05726,0.294,0.6506155,0.01631212964821829,0.29977778,0.006636391546530184,0,79.96690369821465,6.895692699722477
0.6316695,0.4428255151048309,0.39499985464631454,-0.56929415,5,2.0851111,116.39901,0.04925,0.07755,0.06395,0.31489998,0.62351006,0.008143880197148835,0.30892223,0.003508324188289594,0,79.96708336127148,6.896231688892948
0.6502435,0.46217037538286115,0.3993911586202993,-0.5832537,11,1.3162246,314.79208,0.0451,0.0743,0.060566667,0.31046668,0.6514053,0.01063937443476815,0.31132224,0.004017399238424843,0,79.9672630243283,6.894704552909945
0.6669273,0.4486070188782672,0.40019934238501825,-0.61336255,23,3.35716,123.498314,0.04845,0.07345,0.0594,0.3054,0.63436615,0.052678512602154295,0.2875963,0.030080731502435096,0,79.96465791000435,6.896501183478184
0.79776895,0.7006672925788594,0.5784025328998137,-0.69371915,15,8.700407,327.80722,0.0483,0.078,0.0525,0.4372,0.79039544,0.028059544102751827,0.41193333,0.03614895040797949,0,79.963490100135,6.898657140160071
0.71034485,0.5088571310300841,0.4550097371684729,-0.6201886,13,2.076058,26.731968,0.0433,0.0738,0.0554,0.3286,0.71010506,0.041601781747933025,0.32806668,0.01175367598486576,0,79.96429858389071,6.899196129330543
0.789085,0.6151634770046076,0.5357505662263405,-0.6709237,8,2.9496462,251.68967,0.0421,0.0765,0.0464,0.374,0.77382874,0.016021269838031704,0.3707426,0.016233882159466476,0,79.96627487751577,6.9011724229556055
0.124878876,0.0925094864014418,0.08198493506010068,-0.2109332,18,2.6310623,134.79207,0.1042,0.1244,0.1621,0.2088,0.19744904,0.05396305548300302,0.20711297,0.032585955840023106,2,79.95091368615732,6.8949740474951815
0.25543568,0.1321969757854646,0.13703703839974038,-0.42654204,20,9.59832,163.18607,0.05722,0.0748,0.1108,0.1831,0.38926485,0.08615202198083981,0.20066482,0.032473130308736754,2,79.95037469698686,6.891560449415527
0.45418867,0.29964276809578116,0.2686044060876301,-0.43039793,14,6.724911,16.05567,0.07108,0.09686667,0.0907,0.25,0.49135512,0.06056623275357014,0.23592815,0.01896811630407298,2,79.9484882348902,6.897489330290716
0.61895525,0.3922019012917341,0.3586733679386426,-0.5937622,19,5.8836474,251.68938,0.04895,0.06555,0.0603,0.2511,0.64047015,0.11086694022349239,0.25305554,0.037883773231171196,2,79.94732042502085,6.892818090813294
0.28907922,0.2243939898768733,0.16873352974687655,-0.20577976,14,7.6065674,194.13438,0.1118,0.1368,0.114,0.2056,0.43224177,0.09463203603006162,0.21544814,0.015051345243139636,2,79.94669160432197,6.89398590068265
0.22277698,0.12706852087139403,0.14006826691050228,-0.41518587,18,4.1466694,333.26828,0.0655,0.084725,0.137,0.2123,0.36407423,0.07500631326167737,0.22459352,0.01692241772041483,2,79.9477695826629,6.893896069154238
0.29574087,0.17457997778163176,0.16842851397983255,-0.37771726,15,1.3162246,314.79208,0.06595,0.08064,0.0984,0.1909,0.39149776,0.07725172296350859,0.21438777,0.016613311983458143,2,79.94687126737878,6.894704552909945
0.4674414,0.32059714100510095,0.30890359874542894,-0.60899657,18,2.6310616,314.79208,0.0562,0.07676667,0.1128,0.3018,0.4910854,0.13886307254433242,0.2962185,0.0157897968267619,2,79.94821874030497,6.894794384438358
0.33396682,0.20086938490359094,0.1841242049356831,-0.3708484,16,5.402546,211.14758,0.0732,0.087375,0.09703334,0.19135,0.43004486,0.1104657379271558,0.2042537,0.018010223952686033,2,79.9469610989072,6.895782531250889
0.2679776,0.2002161747163298,0.1879892663540912,-0.37369728,16,2.0851083,296.39905,0.0866,0.1236,0.157,0.27670002,0.40437534,0.1562375753620577,0.2610052,0.01680464800568104,2,79.9492068871175,6.895333373608829
0.36043358,0.26001153241772806,0.20255682668806893,-0.36550742,18,2.6310647,134.792,0.0793,0.09545,0.1006,0.22393334,0.40184614,0.08022780836601429,0.2280463,0.012127801145094956,2,79.94857806641862,6.895962194307713
0.33790973,0.20855359929529715,0.18402598509146206,-0.35048306,15,2.932565,341.43988,0.0769,0.089275,0.092,0.1861,0.3797908,0.021321585404700694,0.19609483,0.007773128779223436,2,79.94732042502085,6.896321520421361
0.5608697,0.34182211750969,0.2985327087326814,-0.51593953,14,7.47607,299.56598,0.052783333,0.0688,0.06355833,0.2297,0.5626337,0.08186268425266512,0.23139444,0.03731219378971079,2,79.94669160432197,6.896321520421361
0.16203703,0.10095497804983361,0.11706364425912597,-0.42005673,17,0.92740995,180.0,0.0979,0.1167,0.2084,0.28793335,0.3081865,0.10065514130643202,0.24406667,0.020942270149544917,2,79.94893739253226,6.896591015006596
0.25722462,0.175409460578399,0.19044026069443612,-0.5449898,14,3.8446004,76.06135,0.0634,0.08501428,0.17066666,0.29046667,0.44702673,0.11682302206125103,0.28163332,0.02793330876985156,2,79.94983570781638,6.896770678063421
0.35889286,0.2299379878205692,0.19505355256720325,-0.35643503,14,5.2510858,45.208054,0.079475,0.091525,0.0887,0.19275,0.45119634,0.12748791797646072,0.22005741,0.044160919521784206,2,79.94956621323115,6.896950341120244
0.37372488,0.2151665603364863,0.19213058950901568,-0.36202577,18,0.93416864,270.0,0.06582,0.07975,0.079275,0.1801,0.4200263,0.06036637320252283,0.19631666,0.014793467834833327,2,79.94803907724814,6.896860509591832
0.32137564,0.18202369278105004,0.1639280760066423,-0.32634658,13,4.146674,333.26816,0.07505,0.08472,0.0855625,0.16925,0.35763967,0.035938260660445566,0.18122149,0.011268772918573169,2,79.94723059349243,6.896770678063421
0.40076753,0.22560660274328775,0.20762450484096057,-0.44300944,12,8.250361,26.731886,0.0606375,0.0729,0.078833334,0.1857,0.52987486,0.09765842601616406,0.23895833,0.027440010390792968,2,79.94893739253226,6.897489330290716
0.23943661,0.16838549611795206,0.1441717762200228,-0.26257324,17,0.92740995,-0.0,0.1066,0.12553333,0.1282,0.2182,0.40492964,0.12293432223949499,0.25094074,0.025551298861840186,2,79.94965604475956,6.895692699722477
0.21729803,0.17528241391564559,0.14588179452238298,-0.28873324,17,2.949609,71.68943,0.106,0.1383,0.1616,0.32410002,0.25579476,0.059447033491305354,0.2978389,0.03818838930762603,2,79.95082385462891,6.894435058324709
0.34500873,0.22954726781030682,0.19398056931000796,-0.3190291,15,2.0760536,206.73174,0.0808,0.0979,0.092,0.192,0.44011536,0.08555441709881229,0.21466482,0.02453325649290886,2,79.95163233838463,6.8945248898531215
0.18650769,0.11842924825569685,0.11779141482866637,-0.39851344,26,2.0851004,296.39917,0.0713,0.0885,0.1361,0.21546666,0.31903455,0.0873980405091436,0.21269815,0.016113756398826094,2,79.95055436004368,6.892997753870119
0.2665037,0.16701500375844336,0.1468057447218447,-0.2624669,25,1.3162223,314.79218,0.0935,0.1084,0.1126,0.1904,0.34349275,0.05012162937601841,0.19707407,0.019764656483546306,2,79.95019503393003,6.893177416926942
0.2795462,0.17211517017088962,0.17933936892489982,-0.4732674,17,8.787083,288.3106,0.06565,0.08605,0.1296,0.2395,0.45292622,0.09750562984163523,0.24656203,0.014831289663556046,2,79.94947638170274,6.893177416926942
0.38009268,0.22186681140499753,0.20138139504235916,-0.3647886,18,7.92417,290.4198,0.07635,0.086225,0.08425,0.18776667,0.43477347,0.06995391567938163,0.20147593,0.014332388427979553,2,79.9492068871175,6.892548596228059
0.3407651,0.19418222492177054,0.1798710359112814,-0.35585344,16,5.0132136,248.34149,0.070925,0.088,0.09103333,0.1848,0.38359535,0.055889638342040464,0.20204075,0.015589621028241284,2,79.9492068871175,6.891919775529175
0.44271728,0.24865939615133129,0.22387491261480652,-0.43554008,12,10.796219,109.85,0.062925,0.0731,0.0722,0.1804,0.5133226,0.08229079552926358,0.20841296,0.019292625524233754,2,79.9514526753278,6.892728259284882
0.3253283,0.17716513398499278,0.1710309385708236,-0.35515216,17,5.9438343,51.54283,0.068,0.08596667,0.08840001,0.17886667,0.35515773,0.10536502483756537,0.19672593,0.021111150730244214,2,79.95118318074256,6.893896069154238
0.33513665,0.20062635074204618,0.18611665340484496,-0.34021497,19,4.751477,281.2303,0.0782625,0.09385,0.09878,0.1963,0.3600259,0.04295415017870739,0.21273333,0.023851053563853437,2,79.9529798113108,6.892099438585999
0.19252077,0.12966153354531929,0.11195631303487599,-0.23959607,19,1.3162199,225.20772,0.1084,0.1227,0.136,0.201,0.2510599,0.05018292170486501,0.20716296,0.01288049880834977,2,79.95396795812333,6.891470617887115
0.1833271,0.11146039697261316,0.10910862626942112,-0.2501646,32,2.9325624,198.55998,0.08466667,0.108,0.1406,0.19683334,0.23212731,0.06855252580234807,0.18747889,0.020828365670376006,2,79.95585442021998,6.892548596228059
0.15584333,0.09913951257313618,0.10406084571465611,-0.35371098,22,4.6488647,306.67056,0.092375,0.110133335,0.1768,0.23766667,0.20983095,0.1098731870989289,0.2230111,0.02098043662340374,2,79.95387812659492,6.893446911512178
0.32665926,0.1906176524186231,0.1716403941665126,-0.3489912,26,7.6548634,256.0613,0.0692,0.08043333,0.08493333,0.1767,0.37460667,0.05627968471927973,0.2038963,0.02177505052448482,2,79.95333913742445,6.894884215966769
0.028708354,0.048165515030490935,0.024027419306116418,-0.04463343,33,9.980809,123.498375,0.2818,0.2903,0.3006,0.30900002,0.14109194,0.07817252364865052,0.24712221,0.03581546111874892,2,79.95459677882222,6.895333373608829
0.50730574,0.3361188404055196,0.2923009456509622,-0.48218712,26,2.0760548,206.7318,0.06215,0.08065,0.07478,0.24623333,0.5475842,0.09821817135136597,0.23952962,0.02096912905188282,2,79.95271031672556,6.895423205137241
0.18231583,0.1209283545857596,0.1244162697151895,-0.37414968,30,5.0132465,68.341644,0.0916,0.1162,0.1722,0.2612,0.24914667,0.06326537662358887,0.23517779,0.023047865535872278,2,79.95531543104951,6.895692699722477
0.29603773,0.16967115570851654,0.17528308342656557,-0.4432449,31,1.8543341,-0.0,0.0575,0.0774,0.1097,0.209,0.40931842,0.12700217757593354,0.22418612,0.02590316440901313,2,79.95387812659492,6.896321520421361
0.3016376,0.2290977748292402,0.19248366777581072,-0.32343015,18,4.6488824,306.6704,0.1023,0.1192,0.1242,0.2272,0.31717157,0.03976740763967925,0.21465741,0.01741356413214839,2,79.95118318074256,6.896141857364537
0.2876488,0.17152999648966133,0.15512681525180438,-0.32025024,15,5.251084,314.79196,0.0761,0.09705,0.10255,0.1888,0.31977347,0.07228676764813982,0.20580278,0.016829123904818128,2,79.95109334921415,6.896680846535008
0.25676665,0.16918011306402972,0.1468477656764504,-0.27890554,14,3.943142,314.79193,0.09725,0.1129,0.1158,0.2064,0.2989207,0.04127781202398319,0.20025556,0.008886458067685102,2,79.95136284379939,6.897130004177068
0.18724468,0.11066514875698547,0.10583506886773981,-0.27507704,13,4.648891,233.32967,0.087,0.106466666,0.13103333,0.19145,0.25799775,0.06993047705309448,0.19160555,0.012312876723725046,2,79.95127301227097,6.897579161819127
0.18572925,0.11942935409390376,0.11766601988752586,-0.37049794,28,4.9870977,338.0547,0.085,0.0985,0.1498,0.2188,0.32103917,0.08783863006380462,0.2162,0.016146272685089016,2,79.95315947436762,6.897938487932776
0.44746286,0.27497030408935114,0.2470975104883364,-0.4418176,23,2.932566,198.56018,0.0655,0.0883,0.087,0.2278,0.41991955,0.10750751628251969,0.22486667,0.019365027895850383,2,79.95217132755509,6.8981181509896
0.2878049,0.18868334910810605,0.16377815041386382,-0.29136398,24,2.6310716,225.20815,0.0928,0.1076,0.11,0.1932,0.3848533,0.09883212414174104,0.20284444,0.017187597491655417,2,79.95163233838463,6.8982978140464235
0.38088384,0.22298894799444385,0.2135080265240098,-0.4180949,18,7.849289,225.20813,0.0683,0.08475,0.0928,0.2124,0.44020414,0.10472866060272845,0.22723334,0.016686389488473473,2,79.95091368615732,6.8981181509896
0.2452278,0.1409114282520325,0.13750869991830983,-0.3457076,22,2.9496324,251.68959,0.070325,0.0876,0.1123,0.1866,0.30051336,0.04302782543555383,0.19487777,0.0160418579603437,2,79.95109334921415,6.8987469716884835
0.3331012,0.19370145934788177,0.17156397645728677,-0.32367095,16,3.8201184,194.13452,0.0739,0.08908,0.087475,0.1752,0.3536356,0.09016101892021933,0.2059,0.01573894273583639,2,79.95028486545844,6.898657140160071
0.40387663,0.2106235767261878,0.1946767986278556,-0.39648,20,2.6310747,314.79178,0.0591,0.07275,0.072799996,0.16839999,0.47431386,0.05432597377032894,0.2010037,0.02002380577887421,2,79.95082385462891,6.899375792387366
0.29448533,0.16156728746387283,0.14911593800356118,-0.3058495,14,1.3162309,134.79181,0.07535,0.0855,0.08805,0.16595,0.34027293,0.04905923686441333,0.19631222,0.016822764939682645,2,79.94893739253226,6.899106297802131
0.5307395,0.3048204585080051,0.28291254818741846,-0.48357838,12,2.6310723,225.20816,0.05565,0.06995,0.0655,0.21779999,0.5543977,0.09759228823914307,0.2541126,0.03623097417355064,2,79.9483984033618,6.8987469716884835
0.3048601,0.17977742931440321,0.16347992656890137,-0.3724605,13,2.0760581,206.73198,0.0703,0.08,0.0941,0.1842,0.3920891,0.1413853970574152,0.20611112,0.013925949500800752,2,79.94741025654926,6.899465623915779
0.4592468,0.3742341991494377,0.26676116017618856,-0.46212605,15,1.3162324,225.20825,0.0674,0.0774,0.0738,0.2418,0.51649684,0.08581671914565359,0.23750074,0.02367570445429351,2,79.94830857183338,6.900363939199898
0.40476263,0.2403044548648654,0.2167213292441827,-0.42244688,19,3.7317483,90.0,0.06375,0.0776,0.0853,0.2134,0.5470318,0.1201886187912632,0.23394814,0.033864611386673626,2,79.94723059349243,6.90045377072831
0.29340592,0.2258014130129872,0.17706576535162769,-0.29055005,17,1.8678561,270.0,0.0887,0.10586666,0.1027,0.23566666,0.3575771,0.09383871878513622,0.22789259,0.019235195157054193,2,79.9483984033618,6.90090292837037
0.2099698,0.11741517154088815,0.12921821002566303,-0.40166676,12,4.719921,348.60968,0.0659,0.0887,0.1288,0.19975,0.30109656,0.06931161193171513,0.20067222,0.020765256679952295,2,79.94857806641862,6.9016215805976655
0.36428076,0.23082313031288543,0.20807431467623205,-0.45242718,19,2.9496462,288.31033,0.0565,0.07125,0.08506667,0.1942,0.4225725,0.10243952176059534,0.20693555,0.019778135242383258,2,79.94947638170274,6.9011724229556055
0.20226905,0.12251071229117509,0.14060993219433104,-0.4953412,23,2.9325683,18.560318,0.074,0.0909,0.17606667,0.26695,0.35218897,0.12398265422049452,0.2515389,0.014643469027265444,2,79.95055436004368,6.901711412126078
0.32938188,0.1793516570455514,0.1646739063094351,-0.33689043,13,2.7802885,-0.0,0.0766,0.0877,0.086666666,0.17144,0.42049423,0.11240011569320991,0.2001063,0.02289550558082401,2,79.95010520240162,6.902160569768137
0.10980833,0.07057098982264598,0.0691132258293394,-0.21393731,22,3.9431605,314.79166,0.1013,0.1284,0.1654,0.20606667,0.24357836,0.08495206840165223,0.20826666,0.012027346419519034,2,79.95118318074256,6.901531749069254
0.26852167,0.1780134618109733,0.1368771521161687,-0.19833547,24,5.587785,270.0,0.094683334,0.100033335,0.08895,0.15356,0.32178888,0.05903048628333411,0.16908444,0.01944318804134608,2,79.95136284379939,6.901980906711313
0.23947148,0.16468382805150084,0.1673860697033639,-0.42704645,33,2.6310816,225.20836,0.06876,0.08925,0.1412,0.22979999,0.35601702,0.06868870701789151,0.21952185,0.013710274776322797,2,79.95280014825397,6.9020707382397255
0.11269206,0.07835132432024114,0.08280742180888825,-0.38048184,35,2.800553,90.0,0.102425,0.11091667,0.20120001,0.26438332,0.23288083,0.07493289108163556,0.2201363,0.024190989971217044,2,79.9544171157654,6.902250401296549
0.21241632,0.12757115148566475,0.1148674761991455,-0.24347825,31,3.8201203,165.86539,0.0844,0.1044,0.1087,0.17093334,0.30797997,0.06945661559226345,0.19492592,0.014431966230260482,2,79.95342896895286,6.902340232824962
0.35441175,0.1863440125527997,0.189233621512437,-0.4934766,31,5.883762,251.68974,0.054433335,0.0667,0.0948,0.1978,0.42846632,0.07683619724689082,0.20699815,0.01645114399146699,2,79.95288997978238,6.903058885052257
0.36446893,0.22142117379938842,0.21454433035722892,-0.4430806,24,3.8201206,345.86536,0.0634,0.0821,0.0976,0.2156,0.4148466,0.05268911314569261,0.21954444,0.016443848822908065,2,79.95163233838463,6.903148716580668
0.16351861,0.14848100477821222,0.11136217873639884,-0.17713696,21,2.0760615,153.26784,0.1404,0.1578,0.1584,0.2286,0.2676243,0.07832261866824643,0.20031111,0.02138267195648972,2,79.95055436004368,6.903328379637493
0.12843522,0.11619138769031344,0.08781363806617536,-0.15898626,20,5.62469,189.5304,0.1452,0.14786667,0.1548,0.20993334,0.17846139,0.034662435880711946,0.23665555,0.02665652913174152,2,79.97418005201602,6.915545467501518
0.20812705,0.13665882566621715,0.11261553746934108,-0.13252063,24,6.72493,16.056225,0.1062,0.1272,0.1162,0.1686,0.21593672,0.12295255773906805,0.20311481,0.03176744676317674,2,79.97301224214667,6.914826815274223
0.07878444,0.060278209673203034,0.050951709230964495,-0.11598797,24,6.530883,188.18881,0.13975,0.1659,0.18485,0.2505,0.081449926,0.012223151467845679,0.22395,0.023246015317249367,2,79.97238342144779,6.91195220636504
0.031331807,0.05001535747163671,0.02739545435122785,-0.042828426,24,2.6311252,314.7907,0.2972,0.3204,0.32990003,0.36589998,0.06815951,0.04074335767072578,0.31753334,0.06581907782842093,2,79.97202409533413,6.917431929598169
0.25926304,0.49006724591343725,0.18591615843614906,-0.20557663,18,6.206556,153.2672,0.2144,0.18226667,0.1653,0.2894,0.27424282,0.02005553686420484,0.26204073,0.021551959096901697,2,79.9792106176071,6.916353951257226
0.0794295,0.05701702312230468,0.04449458796503697,-0.090586476,11,0.9342087,90.0,0.1214,0.1289,0.1327,0.1596,0.09194336,0.014731028135130097,0.15683334,0.011727769312360706,2,79.98091741664692,6.917252266541345
0.05816361,0.057949952317178685,0.03779552069844512,-0.056876794,28,5.4210515,120.779755,0.1968,0.20766667,0.21085,0.23995,0.1503175,0.0998489475669612,0.26031926,0.05160725439203302,2,79.9748088727149,6.910784396495685
0.0994603,0.09824550078308913,0.08002401654278149,-0.18836221,27,3.347846,326.11694,0.176325,0.20135,0.2359,0.29485,0.12359233,0.047898057751207576,0.2684963,0.039820257055127865,2,79.97058679087954,6.908808102870622
0.48644808,0.6977611491412652,0.3098721187967606,-0.4136461,32,4.1647687,63.601368,0.1701,0.118,0.09935,0.28399998,0.5066673,0.023827886911098505,0.2640426,0.038851853298184205,2,79.9725630845046,6.903867368807965
0.58770204,0.509624723297352,0.40536486493867485,-0.53056604,5,4.6489263,233.32999,0.0677,0.0886,0.070700005,0.322,0.6387893,0.11506723724913646,0.34318888,0.04623636063206072,2,79.96555622528848,6.903058885052257
0.6213247,0.3729028804035862,0.3467565944506904,-0.54507643,23,2.631077,314.79175,0.05175,0.06578334,0.055625,0.2274,0.59455794,0.05080195608631348,0.22111481,0.014027677659994109,2,79.97274274756143,6.900274107671486
0.35450783,0.24372990508982337,0.2278494938377953,-0.39072287,16,4.1466813,26.732035,0.07255,0.0993,0.10885,0.248575,0.37831897,0.05424491627921475,0.23679389,0.026064367202950918,2,79.97588685105585,6.90045377072831
0.4554449,0.30406947097233006,0.2749670980733966,-0.43019283,19,6.672964,33.88276,0.07383333,0.09475,0.0895,0.2565,0.43945655,0.1490413397973227,0.2481426,0.02467839784176793,2,79.96914948642495,6.903687705751141
0.28708026,0.19304944609347338,0.17110954730395433,-0.3167182,14,9.514005,241.122,0.078,0.09335,0.0977,0.2515,0.33148128,0.04981021721231851,0.24721111,0.010410828261054071,2,79.96654437210101,6.902430064353373
0.4125263,0.29367979199215843,0.26667444064206675,-0.43896735,22,5.883706,251.68956,0.0818625,0.10123333,0.1061,0.2592,0.42583653,0.09853838215361728,0.2784389,0.013076558258273717,2,79.97112578005002,6.8981181509896
0.39658204,0.27163445648564094,0.27410417584006286,-0.5883382,11,2.6310678,225.20805,0.058985714,0.08235,0.1286,0.3061,0.48297116,0.1933930445478756,0.2960537,0.016075690148785415,2,79.97067662240795,6.896950341120244
0.27632865,0.2592800459557253,0.1652050849915788,-0.21117415,24,4.7199187,168.6098,0.1273,0.1419,0.1313,0.2237,0.28593174,0.04247662296107377,0.23384444,0.02160391204429203,2,79.97355123131713,6.895782531250889
0.21852633,0.11719459789968228,0.11835510398722136,-0.3503112,26,2.0851083,63.600952,0.06525,0.0796,0.10115,0.1576,0.23231573,0.057892892983079806,0.18525925,0.015965668547660836,2,79.97292241061825,6.895333373608829
0.18100108,0.11495586503342753,0.11878009631140933,-0.33929104,26,10.503772,52.3262,0.0823,0.10553333,0.1539,0.2153,0.18929173,0.051161713429361495,0.21826203,0.005880359997532009,2,79.97444954660126,6.891829944000762
0.21178223,0.12768498493121935,0.1331676028971857,-0.39198884,27,5.6246824,9.529944,0.0749,0.09145,0.1378,0.21,0.28474447,0.07834336872299978,0.20205724,0.024338207515196216,2,79.97202409533413,6.892458764699646
0.034203455,0.036677232951778806,0.023402733445227177,-0.036741346,23,7.070891,246.95145,0.18955,0.207,0.20733333,0.222,0.034928866,0.01802566159860168,0.21963851,0.01095301282358864,2,79.97049695935114,6.891021460245056
0.18644312,0.14453831845279827,0.12165058512723195,-0.214766,20,3.3478065,326.11795,0.11576,0.13753334,0.14559999,0.2182,0.19084145,0.05070558022868602,0.2052389,0.023313547378088113,2,79.96968847559542,6.890931628716643
0.04681788,0.038883552659918066,0.03216796109832627,-0.0911004,17,2.0850906,296.3993,0.14024,0.1662,0.1832,0.19845,0.058864538,0.023653460651823017,0.1996037,0.01959924419714836,2,79.96923931795337,6.890392639546172
0.22492042,0.1818093501061273,0.14404789496959158,-0.24847126,21,9.237316,233.32944,0.1122,0.1352,0.1346,0.2274,0.37421998,0.06842814707477712,0.23198889,0.02884135239280944,2,79.96896982336813,6.893716406097414
0.19826832,0.13150857336591149,0.11716617629811588,-0.3088761,21,4.648875,306.67047,0.0874,0.102516666,0.13170001,0.19865,0.24678254,0.04933727856140375,0.20964444,0.03168609226272007,2,79.96887999183971,6.895063879023593
0.29623032,0.20007271399783993,0.178565497259629,-0.299157,16,6.2065,333.26822,0.089,0.1067,0.107099995,0.2024,0.35696942,0.0781112426880738,0.22998148,0.029224413480977738,2,79.97085628546478,6.895333373608829
0.32156968,0.21669352261092786,0.1921819270978884,-0.35283536,27,1.3162293,134.79187,0.0894,0.1063,0.10795,0.23449999,0.45472917,0.07945128500536082,0.23557222,0.016518038986874758,2,79.97202409533413,6.898028319461187
0.2738425,0.1840389709276396,0.17346518260783472,-0.358936,30,4.6488895,233.32965,0.0801,0.100666665,0.121800005,0.2334,0.43953517,0.08488059634683995,0.24215555,0.009028976790487312,2,79.97633600869791,6.897309667233892
0.28848594,0.17387185847065534,0.1687513706201726,-0.4003654,26,7.4364724,352.82355,0.0727,0.09296667,0.1145,0.2246,0.38982067,0.09397877627951787,0.23512037,0.006751569065930548,2,79.97229358991937,6.899735118501015
0.19549318,0.10905716058882636,0.1132316402396783,-0.37990388,23,2.085125,116.39882,0.070027776,0.094166666,0.1398,0.20393333,0.3235271,0.11702037340247394,0.22830926,0.027501070631892544,2,79.97409022048761,6.900094444614663
0.29733425,0.17422481839285514,0.15747829968098392,-0.3265306,25,3.8201199,165.8654,0.074,0.0869,0.0913,0.184,0.30791685,0.06674253510175203,0.19996852,0.01194321897305278,2,79.97067662240795,6.901711412126078
0.34306803,0.20658493004679923,0.18037680998171746,-0.33683404,31,5.420979,239.21979,0.0788,0.0897,0.0872,0.17899999,0.4277489,0.11739204252247855,0.20389444,0.028901852768474595,2,79.97004780170907,6.902250401296549
0.19309986,0.12356634507344781,0.11127640262977065,-0.24644004,17,4.6273675,180.0,0.116,0.1359,0.13926667,0.2369,0.25526834,0.07745363215031043,0.23183334,0.011299372050256046,2,79.96905965489654,6.901441917540842
0.3227833,0.1750501898455424,0.1528315968002292,-0.32538974,20,7.448903,330.0751,0.0689,0.0766,0.0721,0.15078,0.4456102,0.07198915617426419,0.19460519,0.02669973807372698,2,79.96986813865225,6.90503517867732
0.33701476,0.22225161928177709,0.20773396463820268,-0.36134455,20,2.0851474,243.60149,0.084275,0.10408,0.1127,0.216,0.3375508,0.10746353737736436,0.20976777,0.018063002254202213,2,79.96555622528848,6.906472483131911
0.5036932,0.33780079794405293,0.3311687664496206,-0.5829893,27,8.523687,229.60477,0.05295,0.076875,0.0942,0.2816,0.5189028,0.11511212188297314,0.26768702,0.029909534421923203,2,79.96762235044194,6.906382651603499
0.2788055,0.2141968311604298,0.15715350240156964,-0.22893868,14,3.3572109,123.49774,0.1142,0.12746666,0.1108,0.2032,0.40015253,0.09670378024888693,0.22034815,0.01684009950519773,2,79.96968847559542,6.906562314660323
0.54598826,0.3049654485464015,0.2766580817946809,-0.50157404,33,2.9496837,108.31009,0.0563,0.0709,0.0668,0.22573332,0.5723104,0.14177886923791516,0.23405185,0.05446390351420902,2,79.96843083419766,6.90781995605809
0.18695356,0.13213460308764538,0.11363636854123858,-0.21966863,27,1.3162445,134.79123,0.113,0.1246,0.1444,0.20266667,0.24875946,0.124236130827696,0.20942074,0.026497408113133183,2,79.96923931795337,6.908808102870622
0.3163085,0.16927607562779481,0.15197905303813464,-0.30936062,14,4.1466975,206.73248,0.07482,0.085275,0.084825,0.16132,0.36738193,0.07995644005334167,0.18234852,0.017384338901653636,2,79.96699352974306,6.9096165866263295
0.27038628,0.14704913249472082,0.15383729020859274,-0.3843065,28,3.9431965,225.20886,0.067,0.0852,0.11246667,0.1976,0.3940262,0.1112695660252987,0.2145426,0.012348015883661837,2,79.9710359485216,6.910245407325213
0.23309258,0.14699098467990165,0.13046008241335671,-0.2532683,30,1.3162472,314.7911,0.0899,0.1085,0.1168,0.1836,0.34420174,0.0673531031575905,0.19673888,0.010580060375030783,2,79.96861049725447,6.910874228024097
0.11123814,0.1018623269191435,0.08474927777931296,-0.13502574,25,2.9497025,71.69003,0.17285,0.2088,0.2177,0.28205,0.17155708,0.1111238961639606,0.26380557,0.05050132935251758,2,79.96600538293053,6.911053891080921
0.27707085,0.1580483416726227,0.16800067508039176,-0.45545903,11,8.73705,161.43944,0.06195,0.0778,0.12425,0.21765,0.38860983,0.07852097179654954,0.23555,0.03324534829271606,2,79.963490100135,6.908358945228562
0.24435753,0.14239124791648497,0.1497564993420032,-0.43975204,21,3.820124,194.13483,0.0667,0.0824,0.129,0.21195,0.27933493,0.03291240863449305,0.20940185,0.025607088196360126,2,79.96241212179406,6.9096165866263295
0.22673559,0.12229825999016145,0.12680180501138755,-0.4031739,20,4.648975,233.33044,0.064,0.0785,0.1264,0.1883,0.27318332,0.08186258564220465,0.21685278,0.026239811263978965,2,79.96214262720882,6.910694564967272
0.10026666,0.07306418278910036,0.0499115726795388,-0.10573041,28,3.7047918,180.0,0.1177,0.1186,0.12545,0.14930001,0.15033218,0.0724431174143396,0.16640927,0.012177727312093784,2,79.96474774153276,6.910964059552509
0.41476986,0.3174424723455799,0.2659042356690624,-0.40283304,20,3.8201249,14.134889,0.08165,0.1069,0.104,0.27,0.49043587,0.128342484992268,0.25618333,0.036579868709554625,2,79.96268161637929,6.911772543308216
0.20854245,0.15461813546129394,0.13393214723364572,-0.2508036,23,5.943979,51.543945,0.1148,0.1394,0.1494,0.246,0.2622783,0.04519651292387888,0.24658889,0.024085966702851895,2,79.96250195332247,6.91285052164916
0.5175563,0.42368557703172827,0.37873240334131053,-0.5294726,9,5.4210653,300.77966,0.07145,0.10013333,0.1048,0.3547,0.5133743,0.1011764748970892,0.31437778,0.04805887353132722,2,79.96097481733946,6.912581027063924
0.38677588,0.24880491138698058,0.23556664647864395,-0.46586,13,8.491284,347.38235,0.0659,0.0822,0.104,0.23686667,0.45366058,0.18803129681430036,0.26442778,0.03183385632606942,2,79.96447824694754,6.913569173876455
0.32344788,0.19708081841643904,0.19997666587667903,-0.4261543,19,9.376646,11.390601,0.0669,0.090775,0.1186,0.23355,0.46990317,0.14775975678000763,0.2410352,0.020971388444143077,2,79.96762235044194,6.9129403531775715
0.3120853,0.18587088968468707,0.16741066820585954,-0.3267176,26,10.096576,-0.0,0.0763,0.0914,0.0913,0.18020001,0.43142006,0.07629664093661442,0.20212686,0.017331188091783124,2,79.96708336127148,6.912760690120748
0.3171172,0.2530962379834133,0.205761079477576,-0.35251525,29,9.137115,45.208996,0.1057,0.1224,0.13769999,0.2663,0.40807167,0.07149685850758845,0.2634685,0.02200749818582682,2,79.96789184502718,6.9124911955355115
0.40254682,0.22387268175230182,0.21560503322982527,-0.48641753,30,1.8543341,-0.0,0.05225,0.06733333,0.08474286,0.1981,0.5385495,0.10171714544390863,0.22580741,0.026779903487599014,2,79.96843083419766,6.912042037893452
0.42928788,0.8942493686248038,0.3150921402152225,-0.34906074,23,5.624683,189.52998,0.1981,0.151,0.1264,0.3208,0.46644446,0.08853340007941331,0.29897037,0.03318284805860496,2,79.96241212179406,6.894794384438358
0.19045024,0.12177924944645588,0.1128766427051156,-0.2698338,21,8.78706,108.31067,0.08815,0.1109,0.1296,0.2244,0.29250306,0.076832492217267,0.2395389,0.019453818335901558,2,79.96088498581105,6.891650280943939
0.22610529,0.3553749753090757,0.15580048933805113,-0.1699758,34,5.6246834,170.47,0.2046,0.187,0.1695,0.2574,0.23694208,0.09183335953942853,0.26101667,0.03195620717555267,2,79.95827987148711,6.895692699722477
0.22189355,0.1197211823387987,0.10995715784271451,-0.24147259,30,3.9431398,45.20804,0.083071426,0.0922,0.0982,0.150225,0.23850079,0.034004637330033435,0.15718569,0.007316998531767221,2,79.95863919760076,6.896680846535008
0.34596103,0.25219905385745334,0.21688010729599272,-0.45066667,32,3.820118,345.8655,0.0629,0.083,0.0843,0.2242,0.37686327,0.1604262200801956,0.23279999,0.02064428848948687,2,79.95738155620299,6.8973994987623035
0.32006383,0.22617329238025227,0.1904434103794547,-0.3266078,24,6.576109,278.07214,0.0912,0.1122,0.1178,0.24939999,0.32339332,0.1412372497496922,0.23927703,0.00938375789403828,2,79.95783071384504,6.892279101642822
0.25544295,0.15389319508309918,0.13887062204643252,-0.26353836,23,7.4760275,119.56618,0.0893,0.1054,0.1084,0.1796,0.33625543,0.060807598476515276,0.18633889,0.012299225708661125,2,79.9567527355041,6.892728259284882
0.4345383,0.2871648113038296,0.24879233668219475,-0.4111989,27,6.7660785,254.16408,0.07253333,0.08775,0.08236667,0.2134,0.47400394,0.025819093388963224,0.22366296,0.01226705247589602,2,79.95863919760076,6.893716406097414
0.27549732,0.1687396401162643,0.15484544992362903,-0.4107697,30,2.9496105,71.689445,0.0722,0.081775,0.1143,0.1902,0.344914,0.10688427142646051,0.19286482,0.020115215498444784,2,79.95729172467458,6.894794384438358
0.16894409,0.11735188080274228,0.10205794987120446,-0.18333334,29,9.237354,306.67038,0.124,0.154,0.1674,0.2314,0.2128188,0.10102510432606673,0.22049999,0.019905940746698866,2,79.95684256703251,6.896680846535008
0.049302798,0.03231320310189185,0.028727405253819047,-0.07940161,25,1.3162134,225.20743,0.12633333,0.14133333,0.1548,0.1662,0.05673437,0.010252306801896025,0.18199444,0.021518925834220617,2,79.96708336127148,6.88661971535287
0.3076426,0.2175561361181677,0.20019557690295944,-0.39135873,35,0.92740995,-0.0,0.074875,0.0893,0.1097,0.22235,0.3973005,0.10503136000309198,0.2160389,0.02431017053063093,2,79.9627714479077,6.885002747841455
0.23971082,0.18121273163883025,0.14153338664998538,-0.15432446,16,2.7802885,180.0,0.11265,0.1435,0.119333334,0.1935,0.33389235,0.20336355656788255,0.21547593,0.024785662558819116,2,79.96070532275422,6.885541737011926
0.20289128,0.11263545950381548,0.12592057283027963,-0.4122527,32,9.899723,158.05513,0.0635,0.08645,0.1421,0.2123,0.27887133,0.06498859310590473,0.20645556,0.007896536749229148,2,79.96151380650994,6.887158704523341
0.3183105,0.22508678935553386,0.2006262361518815,-0.34156808,21,3.943099,225.20746,0.0897,0.119,0.1199,0.2572,0.3967508,0.05581081001018962,0.24862222,0.0112558895898881,2,79.95908835524281,6.887068872994929
0.6529786,0.4277223434008542,0.3738916282674945,-0.55834246,20,2.9495702,251.68918,0.0532,0.06365,0.0495,0.2741,0.63182956,0.06515194668171495,0.28355557,0.013581857905678838,2,79.95783071384504,6.8874281991085775
0.16516387,0.1151969043971421,0.09303592691043669,-0.17825575,26,1.3162196,225.2077,0.123,0.1401,0.1542,0.20773333,0.12859096,0.029202221570430807,0.21455185,0.0070951550276904815,2,79.95783071384504,6.8912011233018795
0.20990406,0.13569894338425387,0.11683522841829493,-0.20459989,29,5.251047,45.207634,0.097625,0.10731429,0.110857144,0.16925,0.24360895,0.03571483159400509,0.1720589,0.0161117363241667,2,79.961962964152,6.889943481904112
0.24204476,0.14508419490649835,0.1429119495539393,-0.36067098,26,7.227005,40.009937,0.0767,0.09735,0.1259,0.2062,0.35336715,0.09631722885316385,0.19959259,0.014046846623256608,2,79.96304094249294,6.890033313432524
0.10110976,0.06964950253241375,0.06189471547699586,-0.19321613,20,2.6310513,225.2077,0.112,0.13213333,0.1604,0.18905,0.12526087,0.029411384853197612,0.17555185,0.009942326526448823,2,79.96465791000435,6.8912011233018795
0.079403765,0.04398304502175142,0.035618755904432156,-0.09073945,18,2.7802885,-0.0,0.1125,0.1182,0.1212,0.155,0.112636946,0.0717822001569944,0.1766037,0.018254657008038664,2,79.96375959472023,6.892458764699646
0.27916175,0.16692347927236256,0.16130607816489273,-0.3636023,20,3.8445814,283.93872,0.0687,0.08685,0.102074996,0.1821,0.31041053,0.05634655550401311,0.19848704,0.01585097925831001,2,79.9770546609252,6.894255395267885
0.5117273,0.2945005321957124,0.264594339145772,-0.45160973,16,7.2270555,40.010414,0.06155,0.079066664,0.068775,0.2076,0.47019234,0.0512879810917676,0.20472038,0.01303905100821923,2,79.97355123131713,6.897938487932776
0.31546623,0.20230800140994293,0.18497353823501272,-0.37435952,13,6.672947,146.11746,0.073425,0.0944,0.113800004,0.2155,0.34714076,0.034557550621851646,0.19701815,0.016159674755824752,2,79.97768348162408,6.899824950029426
0.34937477,0.18776096797806568,0.1724434027702465,-0.37860578,11,5.663275,80.60504,0.0679,0.076116666,0.08359167,0.1737,0.43384916,0.14208050639493733,0.21837722,0.021986905466946136,2,79.97831230232298,6.902699558938609
0.3142599,0.16981549934193835,0.1593003402385633,-0.3301944,26,3.3572094,56.502243,0.0709,0.081475,0.0843,0.1658,0.31814554,0.00785506023650829,0.16776228,0.002657238241495201,2,79.97732415551044,6.9062928200750875
0.18848874,0.1084846192169431,0.11861942437674078,-0.39411035,19,3.3478699,326.11633,0.0653,0.08726667,0.1782,0.2512,0.22717337,0.062348479194007767,0.2534111,0.012583010725460995,2,79.96384942624864,6.919587886280056
0.292275,0.1914541484406575,0.16410774453371674,-0.32588834,24,2.8006516,270.0,0.08905,0.0952,0.1005,0.19600001,0.32118285,0.0645540674059756,0.19695741,0.0439928824774046,2,79.97391055743078,6.918959065581173
