clip_id,audio_path,transcript,duration_seconds,rms_mean,rms_std,f0_mean,f0_std,zcr_mean,spectral_centroid_mean,tempo_proxy,transcript_char_len,transcript_word_count,urgency_count,money_count,secrecy_count,pressure_count,id_avoidance_count,otp_pin_count,decision,label
clip_0618,C:\Users\senud\Documents\FINAL YEAR RESEARCH\Voice_Dataset\clip_0618.wav,"ocean, we are an island, but we have imported rupees 19,000.",5.0,0.02861134400640277,0.028668554890980812,205.1157569594161,8.745459812608543,0.189064,1976.03,110.29,60,11,0,0,0,0,0,0,PROCEED,1
clip_0436,C:\Users\senud\Documents\FINAL YEAR RESEARCH\Voice_Dataset\clip_0436.wav,"So, we have over 2000 millimeters of annual rainfall.",5.0,0.028256472184742323,0.03860123266707609,335.49399390101803,401.69016510317454,0.202428,2048.0,133.93,53,9,0,0,0,0,0,0,PROCEED,1
clip_0350,C:\Users\senud\Documents\FINAL YEAR RESEARCH\Voice_Dataset\clip_0350.wav,that is to have a non-partisan expert tunnel to advise and set,5.0,0.034918,0.036587,165.34,16.3,0.191851,1921.5,156.25,62,12,0,0,0,0,0,0,PROCEED,0
clip_0367,C:\Users\senud\Documents\FINAL YEAR RESEARCH\Voice_Dataset\clip_0367.wav,"quickly digital inventory, land suitability and land utilization plans.",5.0,0.022083281129449284,0.022725743770016314,185.83986633245095,21.413273409909547,0.192094,2038.28,104.17,71,9,0,0,0,0,0,0,PROCEED,1
clip_0278,C:\Users\senud\Documents\FINAL YEAR RESEARCH\Voice_Dataset\clip_0278.wav,"on the ground in topography and climate. Then, as explained earlier, our agriculture...",5.0,0.027937,0.022536,977.14,60.51,0.19869,1925.83,133.93,87,13,0,0,0,0,0,0,PROCEED,0
synthetic_reject_0122,,,3.198356199174432,0.0370821873723708,0.0380024839044705,345.8516702119033,341.949270595326,0.2519528332853414,2139.1825403122148,98.8024734615416,131,17,2,2,3,3,2,0,REJECT,0
clip_0010,C:\Users\senud\Documents\FINAL YEAR RESEARCH\Voice_Dataset\clip_0010.wav,"Actually, this is a very productive system.",5.0,0.01824802132355736,0.02027293622772105,1659.8689350503148,556.6379371054438,0.171328,1741.18,133.93,43,7,0,0,0,0,0,0,PROCEED,1
synthetic_reject_0065,,,4.5180716910777,0.0548256831100226,0.032303105292632,1471.836360260983,543.9510113288944,0.2363996854410894,2231.8102537483096,85.159580665871,45,19,1,2,3,2,1,1,REJECT,0
clip_0586,C:\Users\senud\Documents\FINAL YEAR RESEARCH\Voice_Dataset\clip_0586.wav,"supportive irrigation and riverine system, we are still...",5.0,0.027655422911754237,0.02726927670521253,160.49293827987455,34.61741868441903,0.217957,2079.81,144.23,58,8,0,0,0,0,0,0,PROCEED,1
clip_0486,C:\Users\senud\Documents\FINAL YEAR RESEARCH\Voice_Dataset\clip_0486.wav,solution that I think is a good point to convince the government to let go.,5.0,0.025479,0.024054,597.03,372.36,0.191509,1939.49,156.25,75,15,0,0,0,0,0,0,PROCEED,0
clip_0618,C:\Users\senud\Documents\FINAL YEAR RESEARCH\Voice_Dataset\clip_0618.wav,"ocean, we are an island, but we have imported rupees 19,000.",5.0,0.026661,0.021752,189.36,7.25,0.189064,1976.03,110.29,60,11,0,0,0,0,0,0,PROCEED,0
clip_0614,C:\Users\senud\Documents\FINAL YEAR RESEARCH\Voice_Dataset\clip_0614.wav,all our food and drink expenditure has gone to import other food.,5.0,0.027637532852156033,0.025585264702145692,157.39239202037402,31.219434332238087,0.194504,1956.53,125.0,65,12,0,0,0,0,0,0,PROCEED,1
clip_0428,C:\Users\senud\Documents\FINAL YEAR RESEARCH\Voice_Dataset\clip_0428.wav,"suitable temperature, and 64% of the land is in dry zone when it has",5.0,0.02356,0.016769,960.82,47.3,0.223145,2136.98,104.17,68,14,0,0,0,0,0,0,PROCEED,0
synthetic_verify_0071,,,3.700118443275214,0.0169007743510025,0.0078363513662769,1004.181296269868,488.6292426855172,0.1928505114893385,1505.179803433584,86.58117606905765,34,16,1,0,0,0,0,1,VERIFY,0
synthetic_proceed_0035,,,4.0436617506103785,0.0430675318028719,0.0033568143015027,1369.8107693091997,499.11000430321855,0.185931549517174,1463.523122682582,155.49325397850504,100,16,0,0,0,0,0,0,PROCEED,0
synthetic_verify_0149,,,4.232272277561919,0.0466580189068399,0.0398397529523909,380.63787929132286,273.7278499155529,0.2159982386147289,1886.774311336685,96.91618938424202,116,11,2,0,1,0,0,0,VERIFY,0
clip_0300,C:\Users\senud\Documents\FINAL YEAR RESEARCH\Voice_Dataset\clip_0300.wav,"We had about nine ministries, one for cashew, one for sugarcane, one for tea.",5.0,0.037078871190244354,0.030853361612876495,586.2082776715804,547.2106864504536,0.175896,1880.74,133.93,77,14,0,0,0,0,0,0,PROCEED,1
synthetic_verify_0153,,,2.9325596743779108,0.02457588098273977,0.011797552191742817,360.9498927420989,79.89376195959358,0.2679154350573702,1566.7627902639497,154.72975575598568,109,14,2,1,0,1,0,0,VERIFY,1
clip_0475,C:\Users\senud\Documents\FINAL YEAR RESEARCH\Voice_Dataset\clip_0475.wav,workers do not have guaranteed regular work.,5.0,0.031093126426700674,0.0434174291105587,1093.156228547082,34.95688560646572,0.192038,1962.04,117.19,44,7,0,0,0,0,0,0,PROCEED,1
clip_0605,C:\Users\senud\Documents\FINAL YEAR RESEARCH\Voice_Dataset\clip_0605.wav,This is applicable to other crops as well.,5.0,0.021475318708719306,0.023640559711484325,151.03839012026486,28.72495852065468,0.194317,1950.81,117.19,42,8,0,0,0,0,0,0,PROCEED,1
synthetic_verify_0103,,,3.458492852645647,0.0184139294253856,0.0342754767364454,681.2460763860824,102.7059382712739,0.2496691197455602,2013.3363661874005,140.431298224032,113,7,2,1,1,0,0,0,VERIFY,0
synthetic_proceed_0038,,,3.4997752128618003,0.0281562431492457,0.0104430323889092,1251.2156687023812,431.3684545314286,0.2069181361408518,1868.3909351138652,170.90625428967314,11,11,1,0,0,0,0,0,PROCEED,0
synthetic_reject_0051,,,4.172459664033594,0.04443599314012042,0.042023751424353176,83.44212704279944,723.9378279895644,0.2877812908470502,2078.1598203070507,149.6650823876892,139,9,3,1,2,2,1,2,REJECT,1
clip_0533,C:\Users\senud\Documents\FINAL YEAR RESEARCH\Voice_Dataset\clip_0533.wav,be northeastern province has the highest,5.0,0.026451964224418315,0.034683697204030445,377.6529940808606,371.5514238182639,0.217008,2143.47,125.0,40,6,0,0,0,0,0,0,PROCEED,1
synthetic_verify_0109,,,2.634576312271148,0.019493766454796,0.0063635246221962,500.5825288097474,403.1768743811489,0.1814240009563897,1933.02008825404,147.55867735674389,56,3,2,1,0,1,0,1,VERIFY,0
clip_0182,C:\Users\senud\Documents\FINAL YEAR RESEARCH\Voice_Dataset\clip_0182.wav,Tropical maritime humid island close the equator,5.0,0.025592271771446254,0.027111435746850047,164.42236229755906,23.932318531716955,0.197446,2034.5,187.5,48,7,0,0,0,0,0,0,PROCEED,1
clip_0088,C:\Users\senud\Documents\FINAL YEAR RESEARCH\Voice_Dataset\clip_0088.wav,,5.0,0.004211,0.005717,552.98,454.36,0.16461,1827.67,104.17,0,0,0,0,0,0,0,0,PROCEED,0
clip_0589,C:\Users\senud\Documents\FINAL YEAR RESEARCH\Voice_Dataset\clip_0589.wav,"cultivation. But if you look at the figures, the paddy farmers are in need of cultivation.",5.0,0.032341647919624315,0.041289772588394384,172.48011886796877,11.31521664247432,0.217161,2109.17,117.19,90,16,0,0,0,0,0,0,PROCEED,1
synthetic_verify_0180,,,3.741858570014961,0.05639324858736149,0.027097440028289118,911.5455713873529,462.53034662042836,0.1513134670626009,1833.4592707709744,143.7302156538024,85,17,0,1,1,0,1,0,VERIFY,1
clip_0031,C:\Users\senud\Documents\FINAL YEAR RESEARCH\Voice_Dataset\clip_0031.wav,"is doing, according to my understanding, they are creating a sub-",5.0,0.013504,0.012951,1991.91,5.7,0.186763,1819.75,144.23,65,11,0,0,0,0,0,0,PROCEED,0
clip_0444,C:\Users\senud\Documents\FINAL YEAR RESEARCH\Voice_Dataset\clip_0444.wav,"about the low productivity in agriculture, yes that is a fact.",5.0,0.0266462755309606,0.03274136075181026,1159.3940226203588,190.35696538535672,0.194261,1962.64,125.0,62,11,0,0,0,0,0,0,PROCEED,1
synthetic_verify_0178,,,3.0285781449972777,0.0232585370591677,0.0282000925672133,1160.2659297907144,458.7490306134645,0.2105175936118052,2354.132339032069,93.57458530999013,45,15,2,0,0,0,0,1,VERIFY,0
clip_0549,C:\Users\senud\Documents\FINAL YEAR RESEARCH\Voice_Dataset\clip_0549.wav,"a steady decline in the contribution of agriculture to our GDP, likewise employment...",5.0,0.031218528260251087,0.03524704073783707,246.56086381578112,343.96102713148605,0.203529,2029.15,125.0,86,13,0,0,0,0,0,0,PROCEED,1
clip_0455,C:\Users\senud\Documents\FINAL YEAR RESEARCH\Voice_Dataset\clip_0455.wav,I have 65% of our population. So this is how the spread of,5.0,0.025705,0.022916,971.32,46.38,0.218669,2072.21,144.23,58,13,0,0,0,0,0,0,PROCEED,0
clip_0049,C:\Users\senud\Documents\FINAL YEAR RESEARCH\Voice_Dataset\clip_0049.wav,This is the good example what we actually,5.0,0.01327225335056036,0.01961384003097982,234.8815229020399,102.87552645598767,0.182841,1927.37,104.17,41,8,0,0,0,0,0,0,PROCEED,1
clip_0517,C:\Users\senud\Documents\FINAL YEAR RESEARCH\Voice_Dataset\clip_0517.wav,holdings and extent has increased when you compare with 1982 to 2000,5.0,0.030899,0.022425,144.48,10.01,0.201887,1985.59,110.29,68,12,0,0,0,0,0,0,PROCEED,0
clip_0237,C:\Users\senud\Documents\FINAL YEAR RESEARCH\Voice_Dataset\clip_0237.wav,by exporting floriculture products and in year 2010,5.0,0.05913,0.033115,234.45,7.8,0.300592,2648.12,125.0,51,8,0,0,0,0,0,0,PROCEED,0
clip_0363,C:\Users\senud\Documents\FINAL YEAR RESEARCH\Voice_Dataset\clip_0363.wav,"for the producer giving fair value, correct the information asymmetry and have...",5.0,0.028586434085924654,0.02165777233799916,179.8992038789389,28.05978491855152,0.196336,1977.71,133.93,81,12,0,0,0,0,0,0,PROCEED,1
synthetic_reject_0158,,,3.389247673409744,0.0181706170209463,0.0219856792592149,441.8591535896357,580.5220838025162,0.2203875887250079,1816.7324468366087,138.0467600993696,43,17,2,2,2,2,2,2,REJECT,0
clip_0539,C:\Users\senud\Documents\FINAL YEAR RESEARCH\Voice_Dataset\clip_0539.wav,"rise, eastern province and north central and southern province alone, these three districts alone.",5.0,0.034146,0.028902,329.37,313.78,0.204123,1986.62,117.19,98,14,0,0,0,0,0,0,PROCEED,0
synthetic_verify_0078,,,3.813146046953958,0.014618574150412783,0.04552628302117402,423.22790208754617,114.12879229588874,0.2416118357276838,1445.703560719183,141.9968564874164,104,6,1,1,1,1,0,1,VERIFY,1
synthetic_reject_0110,,,3.5555052474985223,0.0618296750653196,0.0100116377142171,75.64732393922297,369.4808350288617,0.1856636794460153,1863.7530093909768,136.44410906788823,29,13,1,3,1,2,2,1,REJECT,0
synthetic_verify_0035,,,3.04551883638043,0.0537035886652592,0.013738413345908,352.73444849571285,10.320161473036782,0.2767204261425932,2351.1137758509617,142.7328935090678,91,3,0,0,0,0,0,1,VERIFY,0
clip_0589,C:\Users\senud\Documents\FINAL YEAR RESEARCH\Voice_Dataset\clip_0589.wav,"cultivation. But if you look at the figures, the paddy farmers are in need of cultivation.",5.0,0.03062,0.031243,161.78,9.0,0.217161,2109.17,117.19,90,16,0,0,0,0,0,0,PROCEED,0
clip_0283,C:\Users\senud\Documents\FINAL YEAR RESEARCH\Voice_Dataset\clip_0283.wav,That means the employment is seasonal because they don't own the land.,4.51,0.029416,0.033833,684.86,370.83,0.191247,1979.24,125.0,70,12,0,0,0,0,0,0,PROCEED,0
clip_0650,C:\Users\senud\Documents\FINAL YEAR RESEARCH\Voice_Dataset\clip_0650.wav,make a successful enterprise and declining land at the,5.0,0.02965967938852916,0.03101923636069707,186.5262079422902,59.652325768028064,0.204982,2016.37,125.0,54,9,0,0,0,0,0,0,PROCEED,1
synthetic_reject_0048,,,3.710724903636792,0.0365315160610826,0.028615011789086,146.5977129666846,152.83472673638187,0.2177128759104136,1917.833771763731,113.28157859124843,61,8,3,2,2,3,2,0,REJECT,0
synthetic_verify_0078,,,3.813146046953958,0.0155604373669109,0.0353859253364276,391.9657610047432,89.64361385966684,0.2416118357276838,1445.703560719183,141.9968564874164,104,6,1,1,1,1,0,1,VERIFY,0
clip_0070,C:\Users\senud\Documents\FINAL YEAR RESEARCH\Voice_Dataset\clip_0070.wav,,5.0,0.003,0.00255,497.72,111.31,0.19967,2067.87,98.68,0,0,0,0,0,0,0,0,PROCEED,0
synthetic_verify_0012,,,4.30860915588728,0.0367828299673789,0.0342641196122537,994.5966173357984,423.2298222160628,0.2073170387963172,1800.354075004239,159.155820259137,92,15,0,1,1,0,0,0,VERIFY,0
synthetic_verify_0191,,,4.253408900776104,0.0107186475888888,0.0067329420395802,739.2623752061731,177.42054117104252,0.2915969469961729,2483.828828867343,151.37062586767073,75,8,1,0,1,0,0,1,VERIFY,0
synthetic_verify_0068,,,4.244581963762926,0.0581646675290596,0.041310269017950756,948.7685238149514,439.8436050345216,0.2902664359257755,1754.9889169958433,80.11120941961875,30,13,2,0,0,0,0,0,VERIFY,1
synthetic_verify_0107,,,3.302136356874609,0.038408292348882885,0.04761594131223778,608.1872780360333,628.723362060395,0.1821030311864219,1465.679248309983,100.42421063684289,83,12,0,0,1,1,1,0,VERIFY,1
clip_0196,C:\Users\senud\Documents\FINAL YEAR RESEARCH\Voice_Dataset\clip_0196.wav,six different land zones so that,5.0,0.024383,0.023915,134.37,37.0,0.227247,2208.36,98.68,32,6,0,0,0,0,0,0,PROCEED,0
clip_0141,C:\Users\senud\Documents\FINAL YEAR RESEARCH\Voice_Dataset\clip_0141.wav,to promote the culture of microbes in the soil.,5.0,0.023055774676681802,0.0278920475756131,160.85454006122512,23.117076299556185,0.160203,1706.71,125.0,47,9,0,0,0,0,0,0,PROCEED,1
clip_0282,C:\Users\senud\Documents\FINAL YEAR RESEARCH\Voice_Dataset\clip_0282.wav,"the informal sector, almost 91% of the agriculture workers are informal.",5.0,0.036861,0.029498,381.79,348.31,0.157942,1731.97,117.19,72,11,0,0,0,0,0,0,PROCEED,0
clip_0559,C:\Users\senud\Documents\FINAL YEAR RESEARCH\Voice_Dataset\clip_0559.wav,"of agriculture, the real benefit.",5.0,0.028908252483506418,0.022516857350347096,165.6154643393971,28.44167961052661,0.172245,1827.39,144.23,33,5,0,0,0,0,0,0,PROCEED,1
synthetic_reject_0187,,,4.542245631703773,0.0510057877776275,0.0153058276180034,1320.0304710997327,332.67484058688507,0.1708450367466006,1910.2738225252328,83.75710903989074,81,13,1,2,2,1,2,1,REJECT,0
clip_0505,C:\Users\senud\Documents\FINAL YEAR RESEARCH\Voice_Dataset\clip_0505.wav,"agriculture, because agriculture is basically a daily wage based job.",5.0,0.028869,0.029073,1013.38,6.18,0.189876,1953.29,125.0,69,10,0,0,0,0,0,0,PROCEED,0
clip_0316,C:\Users\senud\Documents\FINAL YEAR RESEARCH\Voice_Dataset\clip_0316.wav,functionality features of them then there are some times,5.0,0.027444,0.023867,277.77,297.16,0.201228,2016.27,125.0,56,9,0,0,0,0,0,0,PROCEED,0
clip_0369,C:\Users\senud\Documents\FINAL YEAR RESEARCH\Voice_Dataset\clip_0369.wav,agriculture like what the government did when the coffee industry was decimated.,5.0,0.026912,0.019075,330.92,315.26,0.16372,1845.47,125.0,80,12,0,0,0,0,0,0,PROCEED,0
synthetic_reject_0065,,,4.5180716910777,0.05283588181430775,0.03785311068263145,1563.9954011560844,686.3476736351612,0.2363996854410894,2231.8102537483096,85.159580665871,45,19,1,2,3,2,1,1,REJECT,1
synthetic_reject_0110,,,3.5555052474985223,0.06122863239307878,0.013018815848106187,83.77104020432549,466.40680305802334,0.1856636794460153,1863.7530093909768,136.44410906788823,29,13,1,3,1,2,2,1,REJECT,1
clip_0300,C:\Users\senud\Documents\FINAL YEAR RESEARCH\Voice_Dataset\clip_0300.wav,"We had about nine ministries, one for cashew, one for sugarcane, one for tea.",5.0,0.036204,0.026333,544.68,399.17,0.175896,1880.74,133.93,77,14,0,0,0,0,0,0,PROCEED,0
clip_0096,C:\Users\senud\Documents\FINAL YEAR RESEARCH\Voice_Dataset\clip_0096.wav,Sit down. We'll be right back.,5.0,0.003179,0.003215,0.0,0.0,0.214085,2119.65,89.29,30,6,0,0,0,0,0,0,PROCEED,0
clip_0475,C:\Users\senud\Documents\FINAL YEAR RESEARCH\Voice_Dataset\clip_0475.wav,workers do not have guaranteed regular work.,5.0,0.030894,0.032464,1014.6,28.56,0.192038,1962.04,117.19,44,7,0,0,0,0,0,0,PROCEED,0
clip_0316,C:\Users\senud\Documents\FINAL YEAR RESEARCH\Voice_Dataset\clip_0316.wav,functionality features of them then there are some times,5.0,0.02518816051460722,0.029541473514903483,307.3925888730722,381.05297881300146,0.201228,2016.27,125.0,56,9,0,0,0,0,0,0,PROCEED,1
synthetic_verify_0072,,,3.980753427655239,0.042483360954095724,0.02282320553871289,1001.8974141387025,430.11734732944905,0.1415211595953701,2087.1714237387014,105.6743496309758,53,6,1,1,0,1,0,0,VERIFY,1
clip_0188,C:\Users\senud\Documents\FINAL YEAR RESEARCH\Voice_Dataset\clip_0188.wav,tanks and reservoir systems in Sri Lanka. Sri Lanka has 103 rivers.,5.0,0.03537835871733337,0.03357968377074727,193.80741889789707,44.84034359725167,0.213099,2070.4,104.17,67,12,0,0,0,0,0,0,PROCEED,1
clip_0056,C:\Users\senud\Documents\FINAL YEAR RESEARCH\Voice_Dataset\clip_0056.wav,"fertilizer, water and other resources for the cultivation.",5.0,0.012826,0.011723,97.18,1.19,0.150677,1604.54,117.19,58,8,0,0,0,0,0,0,PROCEED,0
clip_0603,C:\Users\senud\Documents\FINAL YEAR RESEARCH\Voice_Dataset\clip_0603.wav,"last five years or so, the petty farmer has not been able to pay up the loan.",5.0,0.03615131416508391,0.03559983628598396,174.29758867957491,25.909691796491686,0.184402,1889.44,125.0,77,17,0,1,0,0,0,0,PROCEED,1
synthetic_reject_0068,,,4.865179818850506,0.0188516338161109,0.0103319901769974,126.39156216698146,71.35517815589853,0.1267674191771269,1975.7375922278056,138.07572072273277,140,14,1,1,2,2,0,1,REJECT,0
clip_0173,C:\Users\senud\Documents\FINAL YEAR RESEARCH\Voice_Dataset\clip_0173.wav,people are directly employed and more so 77% of our national population.,5.0,0.029037,0.020265,130.16,7.27,0.197151,1954.23,170.45,72,12,0,0,0,0,0,0,PROCEED,0
clip_0470,C:\Users\senud\Documents\FINAL YEAR RESEARCH\Voice_Dataset\clip_0470.wav,"percent. So when you combine both, on-account workers and the family workers",5.0,0.031539,0.029604,550.52,423.31,0.184107,1898.75,104.17,76,12,0,0,0,0,0,0,PROCEED,0
synthetic_reject_0067,,,3.8820643234963232,0.034879186172168994,0.03692216275708907,1276.57301641881,440.30072102396093,0.2390979315144974,2285.42692028783,132.0168109878732,127,18,2,2,3,1,0,1,REJECT,1
synthetic_verify_0191,,,4.253408900776104,0.01035715199713668,0.007852099224537452,785.285249070585,225.04960318091705,0.2915969469961729,2483.828828867343,151.37062586767073,75,8,1,0,1,0,0,1,VERIFY,1
clip_0469,C:\Users\senud\Documents\FINAL YEAR RESEARCH\Voice_Dataset\clip_0469.wav,percent owned account workers and contributing family workers and other 21,5.0,0.028886323846282137,0.030895329681016347,174.91641224759488,27.35928526498535,0.179588,1877.19,104.17,74,11,0,0,0,0,0,0,PROCEED,1
clip_0138,C:\Users\senud\Documents\FINAL YEAR RESEARCH\Voice_Dataset\clip_0138.wav,health of the people. Our organic farmers use bio-fertilizers,5.0,0.0258407545854293,0.030856501792700684,795.6435888161121,499.35124799472345,0.153722,1642.65,133.93,61,9,0,0,0,0,0,0,PROCEED,1
synthetic_verify_0153,,,2.9325596743779108,0.0233386031811961,0.0091835804341477,314.8671083853092,62.141763822393855,0.2679154350573702,1566.7627902639497,154.72975575598568,109,14,2,1,0,1,0,0,VERIFY,0
clip_0329,C:\Users\senud\Documents\FINAL YEAR RESEARCH\Voice_Dataset\clip_0329.wav,That means agriculture is definitely not an attractive proposition for them. So that is the most...,5.0,0.025352349143596506,0.021185131528795968,160.22914514364038,14.187949325890221,0.189829,1917.47,144.23,99,16,0,0,0,0,0,0,PROCEED,1
clip_0307,C:\Users\senud\Documents\FINAL YEAR RESEARCH\Voice_Dataset\clip_0307.wav,"to give the right information, market information to the growers on the ground, then we have",5.0,0.03165,0.025143,154.39,8.41,0.177775,1824.18,117.19,92,16,0,0,0,0,0,0,PROCEED,0
synthetic_verify_0115,,,4.4828213449076415,0.0210254393568324,0.0115086527645096,1143.441458903896,112.84983849725305,0.1669653443370302,2563.5391266852057,153.4708570265026,50,15,2,0,1,1,1,0,VERIFY,0
clip_0109,C:\Users\senud\Documents\FINAL YEAR RESEARCH\Voice_Dataset\clip_0109.wav,,5.0,0.005109364169601266,0.0037922072359237446,536.86206221932,217.08817331976334,0.15871,1778.11,98.68,0,0,0,0,0,0,0,0,PROCEED,1
synthetic_reject_0146,,,3.3411638231141803,0.06595539636680967,0.032116300178834406,1320.7912474843974,501.53599080501834,0.2417567452209106,1558.0321261664462,103.41844468154856,95,17,3,1,1,2,2,1,REJECT,1
synthetic_proceed_0046,,,3.830522875145641,0.023585030539570933,0.018338423234835182,921.2048994510113,645.6278307659483,0.1845963643788945,2132.052014549302,118.24844605825945,80,6,0,0,0,0,0,0,PROCEED,1
clip_0213,C:\Users\senud\Documents\FINAL YEAR RESEARCH\Voice_Dataset\clip_0213.wav,"cultivation. Other important food crops, like other food crops, are",5.0,0.030916,0.024486,150.62,9.92,0.182272,1911.11,144.23,67,10,0,0,0,0,0,0,PROCEED,0
clip_0306,C:\Users\senud\Documents\FINAL YEAR RESEARCH\Voice_Dataset\clip_0306.wav,allow it to rot and farmers committing suicide that is because our system is not,5.0,0.03407544261314777,0.038505962066943095,1105.883230521406,47.02057769503576,0.180891,1876.17,144.23,80,15,0,0,0,0,0,0,PROCEED,1
clip_0096,C:\Users\senud\Documents\FINAL YEAR RESEARCH\Voice_Dataset\clip_0096.wav,Sit down. We'll be right back.,5.0,0.003310563897400823,0.003945945114926001,0.0,0.0,0.214085,2119.65,89.29,30,6,0,0,0,0,0,0,PROCEED,1
clip_0214,C:\Users\senud\Documents\FINAL YEAR RESEARCH\Voice_Dataset\clip_0214.wav,"to 400,000 hectares and the traditional T202,000 hectares.",5.0,0.031876,0.024533,196.91,86.12,0.183976,1904.4,110.29,58,8,0,0,0,0,0,0,PROCEED,0
clip_0107,C:\Users\senud\Documents\FINAL YEAR RESEARCH\Voice_Dataset\clip_0107.wav,,5.0,0.003281,0.002893,443.03,159.54,0.181945,1945.11,125.0,0,0,0,0,0,0,0,0,PROCEED,0
clip_0350,C:\Users\senud\Documents\FINAL YEAR RESEARCH\Voice_Dataset\clip_0350.wav,that is to have a non-partisan expert tunnel to advise and set,5.0,0.03564367643830988,0.04448640285960318,185.94095690042556,22.66954286532793,0.191851,1921.5,156.25,62,12,0,0,0,0,0,0,PROCEED,1
clip_0212,C:\Users\senud\Documents\FINAL YEAR RESEARCH\Voice_Dataset\clip_0212.wav,"The important thing is that more than the extent involved, the number of households",5.0,0.02706969699326542,0.030243496919019792,514.7493371665151,532.7499561137612,0.194445,1980.38,110.29,83,14,0,0,0,0,0,0,PROCEED,1
clip_0250,C:\Users\senud\Documents\FINAL YEAR RESEARCH\Voice_Dataset\clip_0250.wav,"as well as for the local market. All major exporters are producer, expo...",5.0,0.064381,0.039688,226.62,20.32,0.275671,2449.02,156.25,74,13,0,0,0,0,0,0,PROCEED,0
synthetic_verify_0099,,,4.3152781483615925,0.0288970269104654,0.01368123790969087,313.46375580899445,213.45503223749387,0.2344923156634006,1877.9366589068652,80.68146979001281,76,10,2,1,0,1,0,0,VERIFY,1
synthetic_verify_0097,,,2.8323201067699566,0.0419244392399567,0.0161910118392693,115.68473787600976,77.43856985519706,0.1201672950365929,2483.868352813649,82.46179838412385,50,10,1,0,1,0,0,0,VERIFY,0
clip_0088,C:\Users\senud\Documents\FINAL YEAR RESEARCH\Voice_Dataset\clip_0088.wav,,5.0,0.00396021164640888,0.007021166846391312,600.5583265481846,587.4589874492311,0.16461,1827.67,104.17,0,0,0,0,0,0,0,0,PROCEED,1
synthetic_verify_0012,,,4.30860915588728,0.03758940946418376,0.04201305454631683,1075.615476150014,529.8298966707979,0.2073170387963172,1800.354075004239,159.155820259137,92,15,0,1,1,0,0,0,VERIFY,1
synthetic_verify_0097,,,2.8323201067699566,0.041051937399760687,0.0193598383315962,121.6471741757711,96.23493975414368,0.1201672950365929,2483.868352813649,82.46179838412385,50,10,1,0,1,0,0,0,VERIFY,1
clip_0282,C:\Users\senud\Documents\FINAL YEAR RESEARCH\Voice_Dataset\clip_0282.wav,"the informal sector, almost 91% of the agriculture workers are informal.",5.0,0.036273486706855054,0.03799557261559959,407.2478044239257,464.8194704847608,0.157942,1731.97,117.19,72,11,0,0,0,0,0,0,PROCEED,1
clip_0534,C:\Users\senud\Documents\FINAL YEAR RESEARCH\Voice_Dataset\clip_0534.wav,"The highest percentage of polyagenes foods, that is coconut and associated, where...",5.0,0.023414,0.015899,151.15,10.96,0.213827,2071.53,144.23,84,12,0,0,0,0,0,0,PROCEED,0
synthetic_verify_0048,,,3.693375995306004,0.029938724831103384,0.0223019642987431,1111.3012903229753,220.47252564652877,0.1576306872672322,1501.6260102503682,126.66931208844083,92,15,2,0,0,1,1,0,VERIFY,1
synthetic_verify_0190,,,3.042758073674726,0.0371013534833189,0.0388873094302016,220.03030354174132,471.02937107240734,0.1529207495523603,2080.931849627876,117.70077119587448,45,3,0,0,1,1,0,0,VERIFY,0
synthetic_reject_0107,,,3.8944050810096713,0.0480326883348339,0.0280487799693774,1383.1183611609051,308.2388200853816,0.2985884426681963,2421.709949294115,100.85105143573358,68,14,2,2,2,2,2,0,REJECT,0
clip_0586,C:\Users\senud\Documents\FINAL YEAR RESEARCH\Voice_Dataset\clip_0586.wav,"supportive irrigation and riverine system, we are still...",5.0,0.026736,0.022363,146.15,28.55,0.217957,2079.81,144.23,58,8,0,0,0,0,0,0,PROCEED,0
clip_0246,C:\Users\senud\Documents\FINAL YEAR RESEARCH\Voice_Dataset\clip_0246.wav,The major varieties of ink temperate cut flowers include carnation,5.0,0.065807,0.051798,200.72,0.38,0.258923,2388.95,104.17,66,10,0,0,0,0,0,0,PROCEED,0
clip_0560,C:\Users\senud\Documents\FINAL YEAR RESEARCH\Voice_Dataset\clip_0560.wav,of agriculture is not a phenomena confined to Sri Lankan only. We find that...,5.0,0.029442,0.024726,164.05,25.33,0.183133,1894.17,133.93,78,14,0,0,0,0,0,0,PROCEED,0
synthetic_reject_0013,,,4.77554019752192,0.0618010646822132,0.0427472247977331,1188.7439441152185,408.0131877342526,0.2245235918585618,1846.739319874092,174.01334424577783,112,6,1,2,2,2,1,2,REJECT,0
clip_0473,C:\Users\senud\Documents\FINAL YEAR RESEARCH\Voice_Dataset\clip_0473.wav,another issue in having commercial and productive agriculture.,5.0,0.026934,0.021096,0.0,0.0,0.19692,1946.87,85.23,62,8,0,0,0,0,0,0,PROCEED,0
clip_0453,C:\Users\senud\Documents\FINAL YEAR RESEARCH\Voice_Dataset\clip_0453.wav,"And when you look at the population profile in matching to this, about four districts.",5.0,0.03026735212490111,0.031147956086702278,1376.2723986427536,667.95291315455,0.223213,2111.64,133.93,86,15,0,0,0,0,0,0,PROCEED,1
clip_0524,C:\Users\senud\Documents\FINAL YEAR RESEARCH\Voice_Dataset\clip_0524.wav,And if you look at the...,5.0,0.01877950870936081,0.024308887289501476,110.45037432615588,14.320164466419495,0.227069,2217.39,117.19,25,6,0,0,0,0,0,0,PROCEED,1
clip_0336,C:\Users\senud\Documents\FINAL YEAR RESEARCH\Voice_Dataset\clip_0336.wav,to make the farming or agricultural work attractive to the people engaged in those,5.0,0.030752,0.03115,390.0,395.88,0.186915,1922.02,133.93,82,14,0,0,0,0,0,0,PROCEED,0
clip_0043,C:\Users\senud\Documents\FINAL YEAR RESEARCH\Voice_Dataset\clip_0043.wav,quality production for the KU supermarket chain.,5.0,0.013726987935573825,0.020389203357234903,598.9448451621972,823.1034251564749,0.174826,1793.85,117.19,48,7,0,0,0,0,0,0,PROCEED,1
synthetic_proceed_0010,,,4.513853690254027,0.04484126264255812,0.011577003584177329,1632.4489458811877,672.675461337831,0.1355044388788265,1956.5717896092517,97.39773995218036,79,7,0,0,0,0,0,0,PROCEED,1
clip_0327,C:\Users\senud\Documents\FINAL YEAR RESEARCH\Voice_Dataset\clip_0327.wav,Young people are not coming in power. The older people are remaining,5.0,0.03147266430513912,0.03477865131589878,403.4970659155977,446.04065056713506,0.172139,1819.97,133.93,68,12,0,0,0,0,0,0,PROCEED,1
clip_0101,C:\Users\senud\Documents\FINAL YEAR RESEARCH\Voice_Dataset\clip_0101.wav,,5.0,0.004298535010255174,0.0043846637127569095,567.3376223438227,164.91432461579944,0.210981,2100.82,93.75,0,0,0,0,0,0,0,0,PROCEED,1
clip_0044,C:\Users\senud\Documents\FINAL YEAR RESEARCH\Voice_Dataset\clip_0044.wav,They received one hundred and twenty,5.0,0.012774,0.020313,224.7,65.28,0.166448,1838.46,187.5,36,6,0,0,0,0,0,0,PROCEED,0
clip_0578,C:\Users\senud\Documents\FINAL YEAR RESEARCH\Voice_Dataset\clip_0578.wav,"If you look at primer change, it is projected that by 2050...",5.0,0.023622,0.016402,171.17,29.07,0.207967,2035.21,133.93,61,12,0,0,0,0,0,0,PROCEED,0
synthetic_reject_0154,,,3.0246194060321514,0.03446502835410176,0.014298590283773477,672.5849448321208,410.11466539630726,0.2121026495846721,1598.7540164339184,144.57405100956123,75,5,2,1,1,2,2,1,REJECT,1
clip_0297,C:\Users\senud\Documents\FINAL YEAR RESEARCH\Voice_Dataset\clip_0297.wav,have long term erosible,5.0,0.01805752940824025,0.024519229166412655,1025.3340735405802,98.50766361872262,0.209976,2124.36,170.45,23,4,0,0,0,0,0,0,PROCEED,1
synthetic_proceed_0086,,,3.629610117841136,0.03921893864591044,0.028229475458345338,933.2835252282425,149.69422709239421,0.1460878548797101,1705.7211035943442,171.4526153802056,26,17,0,0,0,0,0,0,PROCEED,1
clip_0335,C:\Users\senud\Documents\FINAL YEAR RESEARCH\Voice_Dataset\clip_0335.wav,"So, we need to change and introduce different working models.",5.0,0.024791,0.017687,139.52,23.78,0.199101,1974.06,125.0,61,10,0,0,0,0,0,0,PROCEED,0
clip_0571,C:\Users\senud\Documents\FINAL YEAR RESEARCH\Voice_Dataset\clip_0571.wav,"This can be further explained, you can see the reverse system.",5.0,0.022182,0.019207,0.0,0.0,0.219042,2101.27,98.68,62,11,0,0,0,0,0,0,PROCEED,0
synthetic_verify_0137,,,2.825882825108164,0.0201767436943448,0.0319171396605903,539.3315081626192,287.0538104787436,0.1237816482575449,1441.3175702879776,124.58255498270162,115,3,0,1,1,0,1,0,VERIFY,0
synthetic_verify_0184,,,3.719750488198255,0.01959539808650279,0.036115060254925106,506.26907764102293,680.9474657980574,0.2064330327471398,1983.062727427536,136.58517874106718,20,16,2,0,0,1,0,0,VERIFY,1
synthetic_verify_0088,,,3.726021297963783,0.0184752045933029,0.0067841206957854,760.1584823216583,111.8138762712288,0.2257854632917582,1534.8373783387829,113.19864714327028,90,17,1,1,1,1,0,0,VERIFY,0
synthetic_verify_0067,,,2.626041934005523,0.0545192160427633,0.0251908420458923,698.5075017689672,255.13648225180256,0.132490935462753,1507.852222083393,140.0912005659086,28,4,2,0,0,1,0,0,VERIFY,0
synthetic_reject_0165,,,3.012177496479678,0.02173369806926816,0.050706444183964576,1137.0603584399928,109.32758781844022,0.2715733987317442,1690.6774613894804,127.82598841952236,85,6,3,2,1,3,1,1,REJECT,1
synthetic_proceed_0035,,,4.0436617506103785,0.04215803544580119,0.004187169539052463,1519.4860849254176,659.3284503878785,0.185931549517174,1463.523122682582,155.49325397850504,100,16,0,0,0,0,0,0,PROCEED,1
clip_0076,C:\Users\senud\Documents\FINAL YEAR RESEARCH\Voice_Dataset\clip_0076.wav,Thank you very much.,5.0,0.003065,0.00322,249.65,38.98,0.198849,2051.85,117.19,20,4,0,0,0,0,0,0,PROCEED,0
clip_0470,C:\Users\senud\Documents\FINAL YEAR RESEARCH\Voice_Dataset\clip_0470.wav,"percent. So when you combine both, on-account workers and the family workers",5.0,0.029791631142629862,0.038429185496531404,580.97372958649,515.5152444404455,0.184107,1898.75,104.17,76,12,0,0,0,0,0,0,PROCEED,1
synthetic_reject_0060,,,4.266956439652295,0.03193479192903912,0.0196483676450951,1323.8023911442149,744.8641913089634,0.2146242328144834,1606.0151430179642,107.2307326519369,94,10,3,1,2,1,1,2,REJECT,1
synthetic_reject_0167,,,4.249567725578805,0.0189476693424582,0.033891602742819,400.8009364575179,434.0925268538221,0.2680562629891554,2364.750209063024,135.2500967407889,23,17,3,2,2,1,2,2,REJECT,0
clip_0051,C:\Users\senud\Documents\FINAL YEAR RESEARCH\Voice_Dataset\clip_0051.wav,story when it comes to DTI Dayananda Pharma.,5.0,0.014828527269925139,0.020554666646236987,270.35071828850755,27.063468354213047,0.184294,1854.69,110.29,44,8,0,0,0,0,0,0,PROCEED,1
clip_0379,C:\Users\senud\Documents\FINAL YEAR RESEARCH\Voice_Dataset\clip_0379.wav,"enough time arguing whether agriculture is good or bad, there is a definite potential",5.0,0.033318,0.027718,172.26,16.15,0.1967,1997.76,93.75,85,14,0,0,0,0,0,0,PROCEED,0
clip_0249,C:\Users\senud\Documents\FINAL YEAR RESEARCH\Voice_Dataset\clip_0249.wav,in the highlands of the central province of Sri Lanka. Anthurium and Orchids are the,5.0,0.070514,0.045714,228.48,35.41,0.277397,2442.3,98.68,84,15,0,0,0,0,0,0,PROCEED,0
clip_0188,C:\Users\senud\Documents\FINAL YEAR RESEARCH\Voice_Dataset\clip_0188.wav,tanks and reservoir systems in Sri Lanka. Sri Lanka has 103 rivers.,5.0,0.035196,0.024879,175.41,35.77,0.213099,2070.4,104.17,67,12,0,0,0,0,0,0,PROCEED,0
synthetic_proceed_0026,,,4.3136304621768975,0.017582044343948514,0.010862867588217962,1902.045447973324,589.422251463949,0.1975778170782943,1745.7974274607416,140.39204436622273,113,6,0,0,0,0,0,0,PROCEED,1
synthetic_reject_0033,,,4.732127779000817,0.01644176324799407,0.012823484204480888,651.6495478695244,644.8267660312877,0.29770970327669,1580.5002693242338,139.4130715352135,82,13,3,3,3,2,1,1,REJECT,1
synthetic_verify_0115,,,4.4828213449076415,0.022470999086969673,0.01468552763191584,1313.1080423657222,138.58092555456201,0.1669653443370302,2563.5391266852057,153.4708570265026,50,15,2,0,1,1,1,0,VERIFY,1
clip_0398,C:\Users\senud\Documents\FINAL YEAR RESEARCH\Voice_Dataset\clip_0398.wav,be indebted and go on our vendor needs to other countries to ensure our food supply.,5.0,0.023266141895860806,0.02645625027660558,134.30712144234462,1.7849587564933305,0.188094,1959.57,110.29,84,16,0,0,0,0,0,0,PROCEED,1
synthetic_proceed_0091,,,3.5690239194848883,0.0080589778620015,0.0310789611947873,1552.987399426606,114.03185813417583,0.2662344583723021,2424.07488024433,171.43404426664836,49,13,1,0,0,0,0,0,PROCEED,0
clip_0268,C:\Users\senud\Documents\FINAL YEAR RESEARCH\Voice_Dataset\clip_0268.wav,international trade fairs and can always reach us at www.,4.231,0.060472,0.038493,0.0,0.0,0.275057,2489.44,110.29,57,10,0,0,0,0,0,0,PROCEED,0
clip_0317,C:\Users\senud\Documents\FINAL YEAR RESEARCH\Voice_Dataset\clip_0317.wav,of the year that you have to have less work but our labour laws do not commit such a flexibility.,5.0,0.03543823293880039,0.03197165964726286,875.3757736125259,499.4904481469356,0.190896,1905.2,117.19,97,20,0,0,0,0,0,0,PROCEED,1
clip_0453,C:\Users\senud\Documents\FINAL YEAR RESEARCH\Voice_Dataset\clip_0453.wav,"And when you look at the population profile in matching to this, about four districts.",5.0,0.029379,0.025712,1304.17,519.6,0.223213,2111.64,133.93,86,15,0,0,0,0,0,0,PROCEED,0
clip_0182,C:\Users\senud\Documents\FINAL YEAR RESEARCH\Voice_Dataset\clip_0182.wav,Tropical maritime humid island close the equator,5.0,0.024042,0.021676,147.19,18.1,0.197446,2034.5,187.5,48,7,0,0,0,0,0,0,PROCEED,0
synthetic_reject_0122,,,3.198356199174432,0.036801055746394966,0.05034027466651826,393.3404974496922,432.41039931982516,0.2519528332853414,2139.1825403122148,98.8024734615416,131,17,2,2,3,3,2,0,REJECT,1
clip_0023,C:\Users\senud\Documents\FINAL YEAR RESEARCH\Voice_Dataset\clip_0023.wav,I believe everybody would like to do some systematic call it,5.0,0.014138,0.014859,265.05,76.42,0.185833,2035.61,133.93,60,11,0,0,0,0,0,0,PROCEED,0
synthetic_reject_0060,,,4.266956439652295,0.0291838226988261,0.0148774625925488,1260.6488433589836,590.9532648080602,0.2146242328144834,1606.0151430179642,107.2307326519369,94,10,3,1,2,1,1,2,REJECT,0
synthetic_reject_0143,,,4.270178211819438,0.0397413214384907,0.0176455114009157,224.3584784419297,59.63774260871103,0.167396841075576,1455.3482772028806,136.71707799193857,71,13,3,1,1,2,1,0,REJECT,0
synthetic_proceed_0065,,,3.806077515814264,0.04309563089453648,0.03950295075318582,1284.4324774977933,310.17093496340436,0.1368336222476237,1912.534935703201,92.87544373680556,82,16,0,0,0,0,0,0,PROCEED,1
synthetic_verify_0026,,,4.351411808148775,0.0147454220633673,0.0257928973199399,858.0362367369631,42.59852802331907,0.1615430377067757,2498.80667871398,141.63144922328962,69,16,1,0,1,1,0,0,VERIFY,0
clip_0059,C:\Users\senud\Documents\FINAL YEAR RESEARCH\Voice_Dataset\clip_0059.wav,This Kheels Govithiri project is one of the best examples when it comes to our four people.,5.0,0.02318075270499299,0.026767922125838724,271.23548032837004,156.0796938277409,0.155861,1611.13,156.25,91,17,0,0,0,0,0,0,PROCEED,1
clip_0534,C:\Users\senud\Documents\FINAL YEAR RESEARCH\Voice_Dataset\clip_0534.wav,"The highest percentage of polyagenes foods, that is coconut and associated, where...",5.0,0.023909452426002592,0.019649688014966887,161.93450867206158,14.956317792259878,0.213827,2071.53,144.23,84,12,0,0,0,0,0,0,PROCEED,1
synthetic_verify_0006,,,3.2745171883061723,0.022497847319881,0.0230251980898403,665.8868871116234,184.874127833844,0.1836820485725585,2394.2667174872977,158.92928483196857,69,16,2,1,0,0,0,1,VERIFY,0
clip_0367,C:\Users\senud\Documents\FINAL YEAR RESEARCH\Voice_Dataset\clip_0367.wav,"quickly digital inventory, land suitability and land utilization plans.",5.0,0.023588,0.017892,164.42,15.93,0.192094,2038.28,104.17,71,9,0,0,0,0,0,0,PROCEED,0
synthetic_reject_0075,,,3.010290341509429,0.0600970804574455,0.0180018806533723,1367.616898440583,20.649664658463504,0.2201127123071562,2307.962964541922,105.8688330697908,32,18,2,2,1,2,0,2,REJECT,0
synthetic_reject_0015,,,4.589622607083297,0.0426450401207855,0.0301916359619225,764.1506560373526,133.2409329228658,0.2500413807470709,1736.9268349290269,82.43159664314538,68,5,3,2,1,3,2,2,REJECT,0
synthetic_proceed_0086,,,3.629610117841136,0.0365573466183731,0.023075980892281,848.4596719341182,123.04867108126729,0.1460878548797101,1705.7211035943442,171.4526153802056,26,17,0,0,0,0,0,0,PROCEED,0
clip_0517,C:\Users\senud\Documents\FINAL YEAR RESEARCH\Voice_Dataset\clip_0517.wav,holdings and extent has increased when you compare with 1982 to 2000,5.0,0.031044979981409728,0.026470306280198315,160.2529628702527,13.833335065726803,0.201887,1985.59,110.29,68,12,0,0,0,0,0,0,PROCEED,1
synthetic_verify_0061,,,4.739224860666541,0.022670270590362314,0.015963598005716697,579.2208998241674,165.03427342402253,0.2410290917925066,2391.2776214579426,147.3092130911217,18,4,0,0,1,0,0,0,VERIFY,1
synthetic_verify_0067,,,2.626041934005523,0.05244016189317169,0.02994363850246048,765.2901743686905,355.11134829121704,0.132490935462753,1507.852222083393,140.0912005659086,28,4,2,0,0,1,0,0,VERIFY,1
synthetic_verify_0082,,,2.636413520706747,0.04121511319014305,0.04737825370048262,539.4034010377071,154.65040646934403,0.1996639222679067,1458.035253258537,162.04875844802748,82,13,1,0,1,1,1,0,VERIFY,1
synthetic_reject_0011,,,3.081550283109528,0.04286254831570523,0.04044193111686604,82.79698132108642,391.8491278885153,0.1607692395356288,2174.20734849134,97.43664290049917,147,11,3,1,2,1,2,2,REJECT,1
synthetic_verify_0152,,,4.149983625338293,0.0294384206430798,0.0095994333999343,351.8577590856797,294.7955839697978,0.2492702305608924,1549.306264222272,139.9597260044054,96,7,1,1,1,0,1,0,VERIFY,0
clip_0246,C:\Users\senud\Documents\FINAL YEAR RESEARCH\Voice_Dataset\clip_0246.wav,The major varieties of ink temperate cut flowers include carnation,5.0,0.06769314929243272,0.06477853427133709,218.51010222017683,0.4800266036747973,0.258923,2388.95,104.17,66,10,0,0,0,0,0,0,PROCEED,1
clip_0329,C:\Users\senud\Documents\FINAL YEAR RESEARCH\Voice_Dataset\clip_0329.wav,That means agriculture is definitely not an attractive proposition for them. So that is the most...,5.0,0.024564,0.016149,146.03,11.58,0.189829,1917.47,144.23,99,16,0,0,0,0,0,0,PROCEED,0
clip_0379,C:\Users\senud\Documents\FINAL YEAR RESEARCH\Voice_Dataset\clip_0379.wav,"enough time arguing whether agriculture is good or bad, there is a definite potential",5.0,0.035620686339855115,0.033909847364695746,196.61509753054906,22.17542164719955,0.1967,1997.76,93.75,85,14,0,0,0,0,0,0,PROCEED,1
synthetic_proceed_0065,,,3.806077515814264,0.0471950077140067,0.0323189629489428,1148.6518245292848,224.3942570526472,0.1368336222476237,1912.534935703201,92.87544373680556,82,16,0,0,0,0,0,0,PROCEED,0
synthetic_verify_0184,,,3.719750488198255,0.0202128233968198,0.0269380920522695,462.55388712432193,497.8661365704312,0.2064330327471398,1983.062727427536,136.58517874106718,20,16,2,0,0,1,0,0,VERIFY,0
clip_0314,C:\Users\senud\Documents\FINAL YEAR RESEARCH\Voice_Dataset\clip_0314.wav,Of course we have archaic labour laws as explained earlier and people don't like to...,5.0,0.03319744381842948,0.036817263997913026,1102.3660920551354,70.96155586915904,0.176549,1838.53,104.17,86,15,0,0,0,0,0,0,PROCEED,1
synthetic_proceed_0010,,,4.513853690254027,0.0444365531280502,0.0100050680777143,1435.356997094996,504.077933460462,0.1355044388788265,1956.5717896092517,97.39773995218036,79,7,0,0,0,0,0,0,PROCEED,0
synthetic_verify_0108,,,2.800908940524965,0.0133802374736191,0.0303410216070522,1118.129154791068,220.9625522473881,0.1414453209592886,2014.871384878528,114.883190745863,57,13,1,1,0,0,1,0,VERIFY,0
clip_0371,C:\Users\senud\Documents\FINAL YEAR RESEARCH\Voice_Dataset\clip_0371.wav,provide lot of stimulus to expand our agriculture with.,5.0,0.026539,0.024087,341.57,343.54,0.202615,2018.48,117.19,55,9,0,0,0,0,0,0,PROCEED,0
clip_0413,C:\Users\senud\Documents\FINAL YEAR RESEARCH\Voice_Dataset\clip_0413.wav,we have 6.3 million and agriculture land is 42% of...,5.0,0.027552,0.022998,146.86,3.07,0.200127,2045.84,133.93,53,10,0,0,0,0,0,0,PROCEED,0
synthetic_reject_0129,,,3.026805252864331,0.0305510129268319,0.0115608217930536,102.61705278957812,179.91751479542032,0.1696102209622101,2344.551923121925,177.4834652781112,125,13,3,1,2,1,0,2,REJECT,0
clip_0486,C:\Users\senud\Documents\FINAL YEAR RESEARCH\Voice_Dataset\clip_0486.wav,solution that I think is a good point to convince the government to let go.,5.0,0.0233118386197169,0.02805400828791237,632.0042989700767,493.93961080874067,0.191509,1939.49,156.25,75,15,0,0,0,0,0,0,PROCEED,1
clip_0101,C:\Users\senud\Documents\FINAL YEAR RESEARCH\Voice_Dataset\clip_0101.wav,,5.0,0.003912,0.003621,516.1,121.93,0.210981,2100.82,93.75,0,0,0,0,0,0,0,0,PROCEED,0
synthetic_reject_0162,,,4.78618041039083,0.01791936539435477,0.051507612746739415,748.9458051944863,398.4098846404815,0.2327866519967778,2511.659128076104,81.9116094429764,41,17,1,3,2,2,2,2,REJECT,1
synthetic_verify_0072,,,3.980753427655239,0.0447326886405087,0.0177634736682017,899.2817602870965,336.6423715908924,0.1415211595953701,2087.1714237387014,105.6743496309758,53,6,1,1,0,1,0,0,VERIFY,0
clip_0559,C:\Users\senud\Documents\FINAL YEAR RESEARCH\Voice_Dataset\clip_0559.wav,"of agriculture, the real benefit.",5.0,0.027417,0.017562,148.3,21.47,0.172245,1827.39,144.23,33,5,0,0,0,0,0,0,PROCEED,0
synthetic_proceed_0061,,,3.971261468064251,0.0507714111526548,0.0042512011693701,17.602884550371357,52.58603710815646,0.2164188111110601,2425.346099822484,80.48844660202519,13,5,0,0,0,0,0,0,PROCEED,0
synthetic_reject_0078,,,3.891805412753497,0.0300494666454916,0.0448993575055198,667.9628882421608,281.8044741112118,0.1494522878145004,2353.7714584999158,149.36822257814885,135,6,3,1,1,3,2,0,REJECT,0
clip_0636,C:\Users\senud\Documents\FINAL YEAR RESEARCH\Voice_Dataset\clip_0636.wav,this state of why is it a sleeping giant? How can we wake it up?,5.0,0.024407,0.02424,575.87,380.58,0.192485,1995.63,125.0,64,15,0,0,0,0,0,0,PROCEED,0
clip_0650,C:\Users\senud\Documents\FINAL YEAR RESEARCH\Voice_Dataset\clip_0650.wav,make a successful enterprise and declining land at the,5.0,0.029041,0.026053,168.29,44.1,0.204982,2016.37,125.0,54,9,0,0,0,0,0,0,PROCEED,0
synthetic_reject_0127,,,4.131099929842881,0.0688805693268636,0.0157852938839561,1065.3653411945554,359.7698846637031,0.2255662365939672,2237.20475302409,172.96169228756844,70,9,1,3,1,2,1,1,REJECT,0
synthetic_verify_0061,,,4.739224860666541,0.0248643602140663,0.0130497813887134,522.9995678761659,127.86047673827288,0.2410290917925066,2391.2776214579426,147.3092130911217,18,4,0,0,1,0,0,0,VERIFY,0
clip_0369,C:\Users\senud\Documents\FINAL YEAR RESEARCH\Voice_Dataset\clip_0369.wav,agriculture like what the government did when the coffee industry was decimated.,5.0,0.026462176179847554,0.023203507349968042,376.7182054060172,392.3843898167981,0.16372,1845.47,125.0,80,12,0,0,0,0,0,0,PROCEED,1
synthetic_reject_0013,,,4.77554019752192,0.05814462798781031,0.05594128097307482,1358.8121162370344,502.0389567429891,0.2245235918585618,1846.739319874092,174.01334424577783,112,6,1,2,2,2,1,2,REJECT,1
clip_0543,C:\Users\senud\Documents\FINAL YEAR RESEARCH\Voice_Dataset\clip_0543.wav,and this makes a strong case for zoning and concentrating on certain crops.,5.0,0.02714047440038649,0.03150138537271307,503.5285892758057,479.8758746664698,0.188445,1900.29,133.93,75,13,0,0,0,0,0,0,PROCEED,1
clip_0444,C:\Users\senud\Documents\FINAL YEAR RESEARCH\Voice_Dataset\clip_0444.wav,"about the low productivity in agriculture, yes that is a fact.",5.0,0.029001,0.027568,1016.63,154.15,0.194261,1962.64,125.0,62,11,0,0,0,0,0,0,PROCEED,0
synthetic_reject_0133,,,4.612807234465679,0.0402581932678327,0.0118184802143993,1190.103389106848,136.79099363886513,0.1665517502798469,1597.6476241187552,113.02150648714976,129,8,2,1,3,3,2,1,REJECT,0
clip_0602,C:\Users\senud\Documents\FINAL YEAR RESEARCH\Voice_Dataset\clip_0602.wav,"And the red bar shows you the loans they have paid. So there is always, if you look at the...",5.0,0.028024,0.02346,149.27,12.99,0.191867,1965.32,110.29,93,20,0,0,0,0,0,0,PROCEED,0
clip_0643,C:\Users\senud\Documents\FINAL YEAR RESEARCH\Voice_Dataset\clip_0643.wav,"lead to low farm family income due to small land ownership. Now, for example,",5.0,0.03670654766907371,0.03852478328991302,1116.3401584837306,72.36164433781336,0.190268,1920.25,133.93,77,14,1,0,0,0,0,0,PROCEED,1
synthetic_reject_0011,,,3.081550283109528,0.0474991118753533,0.0337147526644798,74.05235194539142,317.013973813583,0.1607692395356288,2174.20734849134,97.43664290049917,147,11,3,1,2,1,2,2,REJECT,0
clip_0440,C:\Users\senud\Documents\FINAL YEAR RESEARCH\Voice_Dataset\clip_0440.wav,"that age group of 559 years, we are not a very old generation.",5.0,0.022672202819009127,0.024094454378045145,167.5356332271602,15.453173603141446,0.214614,2094.42,156.25,62,13,0,0,0,0,0,0,PROCEED,1
synthetic_reject_0068,,,4.865179818850506,0.018238394360451778,0.013053470537616324,140.44173092957166,94.23046882500954,0.1267674191771269,1975.7375922278056,138.07572072273277,140,14,1,1,2,2,0,1,REJECT,1
clip_0473,C:\Users\senud\Documents\FINAL YEAR RESEARCH\Voice_Dataset\clip_0473.wav,another issue in having commercial and productive agriculture.,5.0,0.029326780856651573,0.025439180713922663,0.0,0.0,0.19692,1946.87,85.23,62,8,0,0,0,0,0,0,PROCEED,1
synthetic_reject_0183,,,3.000885562874416,0.062071370489125206,0.01851257502375291,1648.5691457117114,794.493028193029,0.209041534126431,2015.2642973751535,128.15493402758543,86,8,1,1,1,2,1,2,REJECT,1
clip_0584,C:\Users\senud\Documents\FINAL YEAR RESEARCH\Voice_Dataset\clip_0584.wav,"Having all the advantages, having a huge land mass, engaged in agriculture.",5.0,0.031275628382513646,0.04020732693112923,417.4845834780108,493.95590325595714,0.198068,1989.46,133.93,75,12,0,0,0,0,0,0,PROCEED,1
clip_0641,C:\Users\senud\Documents\FINAL YEAR RESEARCH\Voice_Dataset\clip_0641.wav,"improper land use and resulting from that, improper agronomy and agricultural.",5.0,0.035576263513199306,0.03920682986633088,323.55306135463235,386.14244558576405,0.19209,1900.24,133.93,78,11,0,0,0,0,0,0,PROCEED,1
clip_0203,C:\Users\senud\Documents\FINAL YEAR RESEARCH\Voice_Dataset\clip_0203.wav,"As you see, this is how the land is used in Sri Lanka. We have about...",5.0,0.030046,0.026602,154.05,2.42,0.214191,2159.83,117.19,71,16,0,0,0,0,0,0,PROCEED,0
clip_0307,C:\Users\senud\Documents\FINAL YEAR RESEARCH\Voice_Dataset\clip_0307.wav,"to give the right information, market information to the growers on the ground, then we have",5.0,0.030854994954907154,0.03177853186171064,175.33158676644052,11.771248576531242,0.177775,1824.18,117.19,92,16,0,0,0,0,0,0,PROCEED,1
clip_0113,C:\Users\senud\Documents\FINAL YEAR RESEARCH\Voice_Dataset\clip_0113.wav,NANDA!,5.0,0.005595467829884073,0.00865626496228096,234.17193501883887,50.96352352660239,0.188237,1931.28,93.75,6,1,0,0,0,0,0,0,PROCEED,1
clip_0326,C:\Users\senud\Documents\FINAL YEAR RESEARCH\Voice_Dataset\clip_0326.wav,has gone up to about 55 years according to statistics that means,5.0,0.03257216835591371,0.030805167068282877,794.3394531491726,572.0457508150985,0.185911,1865.67,144.23,64,12,0,0,0,0,0,0,PROCEED,1
clip_0283,C:\Users\senud\Documents\FINAL YEAR RESEARCH\Voice_Dataset\clip_0283.wav,That means the employment is seasonal because they don't own the land.,4.51,0.02953332111159046,0.04189759999339919,722.0748595044518,477.5499118012028,0.191247,1979.24,125.0,70,12,0,0,0,0,0,0,PROCEED,1
clip_0010,C:\Users\senud\Documents\FINAL YEAR RESEARCH\Voice_Dataset\clip_0010.wav,"Actually, this is a very productive system.",5.0,0.018118,0.015459,1559.96,420.22,0.171328,1741.18,133.93,43,7,0,0,0,0,0,0,PROCEED,0
synthetic_reject_0162,,,4.78618041039083,0.0184351676490489,0.0409212667045121,700.0626302856622,316.0508436224547,0.2327866519967778,2511.659128076104,81.9116094429764,41,17,1,3,2,2,2,2,REJECT,0
clip_0326,C:\Users\senud\Documents\FINAL YEAR RESEARCH\Voice_Dataset\clip_0326.wav,has gone up to about 55 years according to statistics that means,5.0,0.030083,0.026785,731.04,409.58,0.185911,1865.67,144.23,64,12,0,0,0,0,0,0,PROCEED,0
synthetic_reject_0133,,,4.612807234465679,0.036391994828083904,0.013835773873507418,1252.467880835842,187.48043872719762,0.1665517502798469,1597.6476241187552,113.02150648714976,129,8,2,1,3,3,2,1,REJECT,1
clip_0605,C:\Users\senud\Documents\FINAL YEAR RESEARCH\Voice_Dataset\clip_0605.wav,This is applicable to other crops as well.,5.0,0.023786,0.017863,136.3,23.81,0.194317,1950.81,117.19,42,8,0,0,0,0,0,0,PROCEED,0
clip_0070,C:\Users\senud\Documents\FINAL YEAR RESEARCH\Voice_Dataset\clip_0070.wav,,5.0,0.00289065640206558,0.003328176467608376,568.2630608704062,143.35790394947276,0.19967,2067.87,98.68,0,0,0,0,0,0,0,0,PROCEED,1
clip_0248,C:\Users\senud\Documents\FINAL YEAR RESEARCH\Voice_Dataset\clip_0248.wav,"Among them, carnations and roses are grown mainly for export.",5.0,0.069894,0.04286,0.0,0.0,0.282559,2487.04,156.25,61,10,0,0,0,0,0,0,PROCEED,0
clip_0202,C:\Users\senud\Documents\FINAL YEAR RESEARCH\Voice_Dataset\clip_0202.wav,"For example, there is soil type that favours study, then cereal.",5.0,0.031808,0.030116,392.56,381.89,0.209149,2056.41,133.93,64,11,0,0,0,0,0,0,PROCEED,0
synthetic_proceed_0092,,,3.1010149416645643,0.0074898473952861875,0.03871319320358963,866.4901684163789,232.92924775949277,0.1542744292844838,2203.944189031062,80.04015440253399,55,4,0,0,0,0,0,0,PROCEED,1
clip_0360,C:\Users\senud\Documents\FINAL YEAR RESEARCH\Voice_Dataset\clip_0360.wav,such as zones like the BOI and give 100 hectares or 200 hectares for willing,5.0,0.03674792560166328,0.029679441803802255,389.8017104015901,516.8882189818953,0.168609,1812.31,133.93,76,15,0,0,0,0,0,0,PROCEED,1
clip_0543,C:\Users\senud\Documents\FINAL YEAR RESEARCH\Voice_Dataset\clip_0543.wav,and this makes a strong case for zoning and concentrating on certain crops.,5.0,0.029456,0.024287,454.58,375.32,0.188445,1900.29,133.93,75,13,0,0,0,0,0,0,PROCEED,0
synthetic_verify_0152,,,4.149983625338293,0.030062810633975465,0.01112949841698784,396.8348479353917,382.21381483926655,0.2492702305608924,1549.306264222272,139.9597260044054,96,7,1,1,1,0,1,0,VERIFY,1
synthetic_verify_0103,,,3.458492852645647,0.019970393469883645,0.04346905288528977,761.0909866814676,124.52814862355072,0.2496691197455602,2013.3363661874005,140.431298224032,113,7,2,1,1,0,0,0,VERIFY,1
clip_0441,C:\Users\senud\Documents\FINAL YEAR RESEARCH\Voice_Dataset\clip_0441.wav,So there is a really full of labour coming in the future even to sustain that.,5.0,0.0259873954620514,0.021782786625392615,165.89218395945628,4.194530218408593,0.194949,1985.22,104.17,78,16,0,0,0,0,0,0,PROCEED,1
synthetic_proceed_0048,,,4.410712740388236,0.021105382889201416,0.026114967245260856,1213.5384003361055,820.1289969767184,0.2799939177108155,2294.8804804176307,83.51569920485014,63,7,0,1,0,0,0,0,PROCEED,1
synthetic_reject_0134,,,3.902478688361976,0.0740167988593453,0.04620099466817299,101.65477598512055,74.13449696829579,0.2035076478262198,2491.064247033872,133.87017979527144,25,11,2,3,2,3,2,1,REJECT,1
synthetic_verify_0147,,,3.680621247362896,0.0262164439568483,0.0383250370976723,997.1924339660544,357.410740549926,0.2257728575907195,2384.7101471889778,119.2267041523547,54,5,1,0,0,0,0,1,VERIFY,0
clip_0086,C:\Users\senud\Documents\FINAL YEAR RESEARCH\Voice_Dataset\clip_0086.wav,,5.0,0.003338942803075248,0.004830334755886752,1340.8462571931493,61.70300451146561,0.182947,2008.14,144.23,0,0,0,0,0,0,0,0,PROCEED,1
clip_0440,C:\Users\senud\Documents\FINAL YEAR RESEARCH\Voice_Dataset\clip_0440.wav,"that age group of 559 years, we are not a very old generation.",5.0,0.023167,0.018846,149.72,12.42,0.214614,2094.42,156.25,62,13,0,0,0,0,0,0,PROCEED,0
synthetic_reject_0183,,,3.000885562874416,0.0645760703153064,0.0153832458624562,1485.625245297849,573.8112559623115,0.209041534126431,2015.2642973751535,128.15493402758543,86,8,1,1,1,2,1,2,REJECT,0
clip_0402,C:\Users\senud\Documents\FINAL YEAR RESEARCH\Voice_Dataset\clip_0402.wav,Very important that poverty alleviation as I mentioned earlier,5.0,0.023895,0.027307,974.96,28.77,0.210281,2062.92,156.25,62,9,0,0,0,0,0,0,PROCEED,0
synthetic_reject_0175,,,3.531165665917212,0.0159653799851645,0.0202658013773197,1171.0557171820735,320.41710607329577,0.1826572067702918,1846.0871538875963,80.13536257154682,62,9,2,3,3,1,2,2,REJECT,0
synthetic_reject_0075,,,3.010290341509429,0.06192156616591971,0.02158423651342297,1441.7787160900493,24.87773683381064,0.2201127123071562,2307.962964541922,105.8688330697908,32,18,2,2,1,2,0,2,REJECT,1
clip_0109,C:\Users\senud\Documents\FINAL YEAR RESEARCH\Voice_Dataset\clip_0109.wav,,5.0,0.005132,0.003237,493.23,161.82,0.15871,1778.11,98.68,0,0,0,0,0,0,0,0,PROCEED,0
synthetic_reject_0189,,,4.8038803934983,0.05669081979772379,0.05554322866745737,1239.8800902268379,324.42118207226576,0.2263148101190348,2193.2171050967845,87.84558163171239,50,14,3,1,3,2,2,0,REJECT,1
synthetic_reject_0022,,,3.0343222036635007,0.0569850432652151,0.0382419541967772,552.1412655796312,289.51081150497464,0.2369592628756974,1457.6707090364405,174.9145731591386,119,6,1,1,3,2,1,2,REJECT,0
synthetic_proceed_0047,,,4.7025223347241205,0.05142007589406799,0.0190718087498402,504.28322180940233,195.0352694929162,0.181062721295196,1997.8384634740223,123.86677720315754,17,11,0,0,0,0,0,0,PROCEED,1
synthetic_proceed_0061,,,3.971261468064251,0.05001782343003103,0.005450442991007734,20.02852214204855,66.57822281218806,0.2164188111110601,2425.346099822484,80.48844660202519,13,5,0,0,0,0,0,0,PROCEED,1
clip_0433,C:\Users\senud\Documents\FINAL YEAR RESEARCH\Voice_Dataset\clip_0433.wav,"For example, Mahatma has close to 70% of...",5.0,0.033129,0.033159,1383.48,522.79,0.223934,2113.81,104.17,43,8,0,0,0,0,0,0,PROCEED,0
clip_0603,C:\Users\senud\Documents\FINAL YEAR RESEARCH\Voice_Dataset\clip_0603.wav,"last five years or so, the petty farmer has not been able to pay up the loan.",5.0,0.034006,0.027654,159.42,18.59,0.184402,1889.44,125.0,77,17,0,1,0,0,0,0,PROCEED,0
clip_0335,C:\Users\senud\Documents\FINAL YEAR RESEARCH\Voice_Dataset\clip_0335.wav,"So, we need to change and introduce different working models.",5.0,0.027010790230323184,0.02379853843476402,151.7295118994494,31.237746186450657,0.199101,1974.06,125.0,61,10,0,0,0,0,0,0,PROCEED,1
synthetic_verify_0088,,,3.726021297963783,0.01853632854406702,0.008409616746911673,865.3871708530701,153.9394905681681,0.2257854632917582,1534.8373783387829,113.19864714327028,90,17,1,1,1,1,0,0,VERIFY,1
clip_0362,C:\Users\senud\Documents\FINAL YEAR RESEARCH\Voice_Dataset\clip_0362.wav,"irrigation facilities, encourage wider technology, level playing field.",5.0,0.02779165361590468,0.029259183399560133,186.65439034088024,41.18263959055285,0.209103,2043.53,133.93,71,8,0,0,0,0,0,0,PROCEED,1
clip_0139,C:\Users\senud\Documents\FINAL YEAR RESEARCH\Voice_Dataset\clip_0139.wav,organic farmers use bio-fertilizers to promote,5.0,0.02190995404791366,0.02663659542679192,569.2651318346835,522.695347361429,0.17993,1815.85,133.93,46,6,0,0,0,0,0,0,PROCEED,1
synthetic_verify_0006,,,3.2745171883061723,0.020549430716794017,0.028126902814358593,727.4760573225042,251.48608933742523,0.1836820485725585,2394.2667174872977,158.92928483196857,69,16,2,1,0,0,0,1,VERIFY,1
clip_0202,C:\Users\senud\Documents\FINAL YEAR RESEARCH\Voice_Dataset\clip_0202.wav,"For example, there is soil type that favours study, then cereal.",5.0,0.0329582109602164,0.03522313117675125,420.24440330656876,519.148155234945,0.209149,2056.41,133.93,64,11,0,0,0,0,0,0,PROCEED,1
synthetic_proceed_0092,,,3.1010149416645643,0.0078522707439683,0.0332556749347525,800.0639603600239,179.4046627584523,0.1542744292844838,2203.944189031062,80.04015440253399,55,4,0,0,0,0,0,0,PROCEED,0
synthetic_proceed_0046,,,3.830522875145641,0.0234306207091271,0.0149228836268099,868.1243831931782,503.7054573245511,0.1845963643788945,2132.052014549302,118.24844605825945,80,6,0,0,0,0,0,0,PROCEED,0
clip_0636,C:\Users\senud\Documents\FINAL YEAR RESEARCH\Voice_Dataset\clip_0636.wav,this state of why is it a sleeping giant? How can we wake it up?,5.0,0.025691356755473207,0.032447324844645874,641.4410608510565,476.9311995753942,0.192485,1995.63,125.0,64,15,0,0,0,0,0,0,PROCEED,1
synthetic_proceed_0026,,,4.3136304621768975,0.0178834072403087,0.0090481354046325,1799.0422095646445,435.6631520312219,0.1975778170782943,1745.7974274607416,140.39204436622273,113,6,0,0,0,0,0,0,PROCEED,0
clip_0113,C:\Users\senud\Documents\FINAL YEAR RESEARCH\Voice_Dataset\clip_0113.wav,NANDA!,5.0,0.005322,0.006501,220.12,38.29,0.188237,1931.28,93.75,6,1,0,0,0,0,0,0,PROCEED,0
clip_0431,C:\Users\senud\Documents\FINAL YEAR RESEARCH\Voice_Dataset\clip_0431.wav,"and 23% of our land is a wet zone, and of the land in the wet zone...",4.69,0.0327025719342912,0.026691512965449415,159.23413957144405,11.161475013106212,0.204779,1990.96,93.75,69,17,0,0,0,0,0,0,PROCEED,1
clip_0398,C:\Users\senud\Documents\FINAL YEAR RESEARCH\Voice_Dataset\clip_0398.wav,be indebted and go on our vendor needs to other countries to ensure our food supply.,5.0,0.022975,0.019882,125.58,1.3,0.188094,1959.57,110.29,84,16,0,0,0,0,0,0,PROCEED,0
synthetic_reject_0041,,,4.065234532910046,0.030711283664153155,0.023337517740946792,644.892106033275,40.494121829007625,0.1779742498049721,1653.7376083958536,112.74973521779148,63,13,3,2,2,3,1,0,REJECT,1
clip_0413,C:\Users\senud\Documents\FINAL YEAR RESEARCH\Voice_Dataset\clip_0413.wav,we have 6.3 million and agriculture land is 42% of...,5.0,0.0262613711771548,0.027251425793316148,165.83150372183522,4.07860154232787,0.200127,2045.84,133.93,53,10,0,0,0,0,0,0,PROCEED,1
clip_0059,C:\Users\senud\Documents\FINAL YEAR RESEARCH\Voice_Dataset\clip_0059.wav,This Kheels Govithiri project is one of the best examples when it comes to our four people.,5.0,0.021807,0.0215,240.14,111.52,0.155861,1611.13,156.25,91,17,0,0,0,0,0,0,PROCEED,0
clip_0178,C:\Users\senud\Documents\FINAL YEAR RESEARCH\Voice_Dataset\clip_0178.wav,We have export-oriented plantation crops like tea and rubber. We have export agriculture crops of...,5.0,0.03952448870989211,0.033143199959422824,1276.565509380335,38.61497057231004,0.183438,1848.38,104.17,100,15,0,0,0,0,0,0,PROCEED,1
clip_0441,C:\Users\senud\Documents\FINAL YEAR RESEARCH\Voice_Dataset\clip_0441.wav,So there is a really full of labour coming in the future even to sustain that.,5.0,0.02672,0.016554,155.82,3.26,0.194949,1985.22,104.17,78,16,0,0,0,0,0,0,PROCEED,0
clip_0107,C:\Users\senud\Documents\FINAL YEAR RESEARCH\Voice_Dataset\clip_0107.wav,,5.0,0.0034028215667045738,0.0033513053617097413,507.76487559308424,205.98907214140263,0.181945,1945.11,125.0,0,0,0,0,0,0,0,0,PROCEED,1
clip_0178,C:\Users\senud\Documents\FINAL YEAR RESEARCH\Voice_Dataset\clip_0178.wav,We have export-oriented plantation crops like tea and rubber. We have export agriculture crops of...,5.0,0.036328,0.027384,1119.99,31.78,0.183438,1848.38,104.17,100,15,0,0,0,0,0,0,PROCEED,0
clip_0076,C:\Users\senud\Documents\FINAL YEAR RESEARCH\Voice_Dataset\clip_0076.wav,Thank you very much.,5.0,0.0030338247600943885,0.00412247192320904,264.72122641923033,48.986634114515724,0.198849,2051.85,117.19,20,4,0,0,0,0,0,0,PROCEED,1
synthetic_reject_0033,,,4.732127779000817,0.0174870268558404,0.0109228441074038,595.8718819731719,490.1209318534631,0.29770970327669,1580.5002693242338,139.4130715352135,82,13,3,3,3,2,1,1,REJECT,0
synthetic_reject_0154,,,3.0246194060321514,0.035352878407084,0.010959710849043,619.8126267506723,324.9713073465278,0.2121026495846721,1598.7540164339184,144.57405100956123,75,5,2,1,1,2,2,1,REJECT,0
synthetic_verify_0149,,,4.232272277561919,0.048983118488842944,0.05134966986369062,425.54917397092606,372.6894446731631,0.2159982386147289,1886.774311336685,96.91618938424202,116,11,2,0,1,0,0,0,VERIFY,1
clip_0327,C:\Users\senud\Documents\FINAL YEAR RESEARCH\Voice_Dataset\clip_0327.wav,Young people are not coming in power. The older people are remaining,5.0,0.034211,0.027635,356.33,367.84,0.172139,1819.97,133.93,68,12,0,0,0,0,0,0,PROCEED,0
synthetic_verify_0111,,,4.568809234884543,0.0100298969417397,0.0157736702509141,327.33999645392623,124.44800692361936,0.1322735915577833,1624.549124492602,135.554956988562,69,14,1,0,1,1,0,0,VERIFY,0
clip_0140,C:\Users\senud\Documents\FINAL YEAR RESEARCH\Voice_Dataset\clip_0140.wav,Isis to promote the culture of,5.0,0.018486,0.020396,134.74,19.63,0.18875,1896.76,125.0,30,6,0,0,0,0,0,0,PROCEED,0
clip_0157,C:\Users\senud\Documents\FINAL YEAR RESEARCH\Voice_Dataset\clip_0157.wav,programs to encourage them to maintain a sustainable organic value chain.,5.0,0.023005,0.020417,247.35,27.83,0.132837,1642.82,144.23,73,11,0,0,0,0,0,0,PROCEED,0
clip_0314,C:\Users\senud\Documents\FINAL YEAR RESEARCH\Voice_Dataset\clip_0314.wav,Of course we have archaic labour laws as explained earlier and people don't like to...,5.0,0.03199,0.027753,973.82,54.11,0.176549,1838.53,104.17,86,15,0,0,0,0,0,0,PROCEED,0
clip_0670,C:\Users\senud\Documents\FINAL YEAR RESEARCH\Voice_Dataset\clip_0670.wav,compared to the better tea economies like in Kenya which is about 1000 hectares.,5.0,0.02721,0.024278,161.01,13.84,0.183528,1964.68,93.75,80,14,0,0,0,0,0,0,PROCEED,0
clip_0363,C:\Users\senud\Documents\FINAL YEAR RESEARCH\Voice_Dataset\clip_0363.wav,"for the producer giving fair value, correct the information asymmetry and have...",5.0,0.029965,0.018652,157.95,21.66,0.196336,1977.71,133.93,81,12,0,0,0,0,0,0,PROCEED,0
clip_0250,C:\Users\senud\Documents\FINAL YEAR RESEARCH\Voice_Dataset\clip_0250.wav,"as well as for the local market. All major exporters are producer, expo...",5.0,0.0637148980744331,0.05186402040133406,253.63838022916437,24.453432553844596,0.275671,2449.02,156.25,74,13,0,0,0,0,0,0,PROCEED,1
synthetic_verify_0071,,,3.700118443275214,0.01846387032137489,0.010220168741633758,1112.4212398887578,638.7740108969991,0.1928505114893385,1505.179803433584,86.58117606905765,34,16,1,0,0,0,0,1,VERIFY,1
synthetic_verify_0084,,,4.166304941732587,0.013749753058786113,0.027314393356472302,272.46978826912607,138.58943347535185,0.1564129108484766,1864.0484684527732,85.11502056203976,52,15,2,1,0,0,0,0,VERIFY,1
clip_0298,C:\Users\senud\Documents\FINAL YEAR RESEARCH\Voice_Dataset\clip_0298.wav,Then other features of the sectors. I think this was discussed,5.0,0.024071,0.023451,1998.5,6.66,0.233884,2222.21,133.93,62,11,0,0,0,0,0,0,PROCEED,0
synthetic_reject_0034,,,3.1127509933018542,0.0625597306940279,0.0384515353195527,1499.5906262648894,598.0493655028652,0.2199777070084729,2322.7848982166124,174.47657298824282,102,5,1,1,1,1,1,2,REJECT,0
synthetic_verify_0081,,,3.951613064774085,0.058167621308913696,0.03839625953565096,634.2984585216976,529.6870071014763,0.2910959077717936,1426.479378418749,178.25212722560389,35,14,2,0,0,0,0,0,VERIFY,1
clip_0359,C:\Users\senud\Documents\FINAL YEAR RESEARCH\Voice_Dataset\clip_0359.wav,Surely we can use our resources and clear a lot of available agriculture lands and have agriculture...,5.0,0.03669677794374291,0.025700913314491605,172.15964875990198,17.177979192295112,0.169126,1776.27,117.19,102,17,0,0,0,0,0,0,PROCEED,1
clip_0031,C:\Users\senud\Documents\FINAL YEAR RESEARCH\Voice_Dataset\clip_0031.wav,"is doing, according to my understanding, they are creating a sub-",5.0,0.012193391988797592,0.01583680654001869,2205.588600853895,6.96827145632781,0.186763,1819.75,144.23,65,11,0,0,0,0,0,0,PROCEED,1
clip_0139,C:\Users\senud\Documents\FINAL YEAR RESEARCH\Voice_Dataset\clip_0139.wav,organic farmers use bio-fertilizers to promote,5.0,0.022726,0.022528,497.56,431.82,0.17993,1815.85,133.93,46,6,0,0,0,0,0,0,PROCEED,0
synthetic_proceed_0034,,,4.213946232548531,0.0172524904317114,0.0368086070230307,1741.1906004362456,188.01925304021825,0.2090686712880983,1503.3393326076489,135.91366564629683,114,5,0,0,0,0,0,0,PROCEED,0
synthetic_verify_0190,,,3.042758073674726,0.03935503530221544,0.04557903768675258,231.13904999711627,578.1269201300788,0.1529207495523603,2080.931849627876,117.70077119587448,45,3,0,0,1,1,0,0,VERIFY,1
synthetic_verify_0026,,,4.351411808148775,0.015765737659233493,0.03326261261493045,978.8808998156835,56.03868521602,0.1615430377067757,2498.80667871398,141.63144922328962,69,16,1,0,1,1,0,0,VERIFY,1
clip_0253,C:\Users\senud\Documents\FINAL YEAR RESEARCH\Voice_Dataset\clip_0253.wav,"Western province, Kampaha, Kalu Thera, and Kalambu district. Northwestern...",5.0,0.06325569783580218,0.047686671052697235,1164.1180606584942,102.5259940547554,0.245929,2306.46,170.45,76,9,0,0,0,0,0,0,PROCEED,1
clip_0336,C:\Users\senud\Documents\FINAL YEAR RESEARCH\Voice_Dataset\clip_0336.wav,to make the farming or agricultural work attractive to the people engaged in those,5.0,0.028154148220518534,0.04163982748729381,410.6425540120643,548.7662225323829,0.186915,1922.02,133.93,82,14,0,0,0,0,0,0,PROCEED,1
synthetic_reject_0189,,,4.8038803934983,0.0593681435832106,0.0444700440966866,1143.6599765390172,248.0532165961949,0.2263148101190348,2193.2171050967845,87.84558163171239,50,14,3,1,3,2,2,0,REJECT,0
clip_0428,C:\Users\senud\Documents\FINAL YEAR RESEARCH\Voice_Dataset\clip_0428.wav,"suitable temperature, and 64% of the land is in dry zone when it has",5.0,0.02156672509069454,0.01939244839646417,1050.8844745746492,63.5936446864248,0.223145,2136.98,104.17,68,14,0,0,0,0,0,0,PROCEED,1
synthetic_reject_0158,,,3.389247673409744,0.01932980352002042,0.028127758408324603,487.81698689971813,812.3630169722151,0.2203875887250079,1816.7324468366087,138.0467600993696,43,17,2,2,2,2,2,2,REJECT,1
synthetic_proceed_0016,,,3.62912830185473,0.0104841082685028,0.0317702556398535,1273.9557736897168,251.9946931453405,0.1338102119020841,1911.5572608841112,124.23354580502156,72,16,0,0,0,0,0,0,PROCEED,0
clip_0433,C:\Users\senud\Documents\FINAL YEAR RESEARCH\Voice_Dataset\clip_0433.wav,"For example, Mahatma has close to 70% of...",5.0,0.035652521381828305,0.03954823083724216,1553.0368716675227,640.3932083966521,0.223934,2113.81,104.17,43,8,0,0,0,0,0,0,PROCEED,1
clip_0539,C:\Users\senud\Documents\FINAL YEAR RESEARCH\Voice_Dataset\clip_0539.wav,"rise, eastern province and north central and southern province alone, these three districts alone.",5.0,0.03078665570730961,0.03503988051318575,359.58711435845345,395.3861445486398,0.204123,1986.62,117.19,98,14,0,0,0,0,0,0,PROCEED,1
synthetic_verify_0055,,,4.008822016252802,0.04214610753564345,0.03790898374791942,201.46115187657722,585.0331288904968,0.1526129902290149,2147.304083887809,102.26760791230848,61,6,1,0,0,0,0,0,VERIFY,1
clip_0643,C:\Users\senud\Documents\FINAL YEAR RESEARCH\Voice_Dataset\clip_0643.wav,"lead to low farm family income due to small land ownership. Now, for example,",5.0,0.033959,0.033131,982.9,52.2,0.190268,1920.25,133.93,77,14,1,0,0,0,0,0,PROCEED,0
clip_0359,C:\Users\senud\Documents\FINAL YEAR RESEARCH\Voice_Dataset\clip_0359.wav,Surely we can use our resources and clear a lot of available agriculture lands and have agriculture...,5.0,0.036398,0.020685,162.16,13.04,0.169126,1776.27,117.19,102,17,0,0,0,0,0,0,PROCEED,0
synthetic_proceed_0038,,,3.4997752128618003,0.030673259535204212,0.012814078266209004,1335.155865912813,570.2625901026537,0.2069181361408518,1868.3909351138652,170.90625428967314,11,11,1,0,0,0,0,0,PROCEED,1
clip_0549,C:\Users\senud\Documents\FINAL YEAR RESEARCH\Voice_Dataset\clip_0549.wav,"a steady decline in the contribution of agriculture to our GDP, likewise employment...",5.0,0.030766,0.026256,219.98,246.07,0.203529,2029.15,125.0,86,13,0,0,0,0,0,0,PROCEED,0
synthetic_verify_0048,,,3.693375995306004,0.0275409554667507,0.0176895928795683,976.5717045184506,170.80794657082987,0.1576306872672322,1501.6260102503682,126.66931208844083,92,15,2,0,0,1,1,0,VERIFY,0
clip_0049,C:\Users\senud\Documents\FINAL YEAR RESEARCH\Voice_Dataset\clip_0049.wav,This is the good example what we actually,5.0,0.012305,0.016968,216.38,84.49,0.182841,1927.37,104.17,41,8,0,0,0,0,0,0,PROCEED,0
synthetic_reject_0127,,,4.131099929842881,0.06512951934401402,0.019536280100589,1209.3714557793733,455.451622052993,0.2255662365939672,2237.20475302409,172.96169228756844,70,9,1,3,1,2,1,1,REJECT,1
synthetic_verify_0109,,,2.634576312271148,0.020106761005104418,0.00787246931438108,567.2768988154234,495.53587760404935,0.1814240009563897,1933.02008825404,147.55867735674389,56,3,2,1,0,1,0,1,VERIFY,1
clip_0083,C:\Users\senud\Documents\FINAL YEAR RESEARCH\Voice_Dataset\clip_0083.wav,Now we have to go to the...,5.0,0.005385188054551404,0.007864694214174803,372.3747580890678,162.3131492685084,0.199716,1971.63,117.19,27,7,1,0,0,0,0,0,PROCEED,1
clip_0469,C:\Users\senud\Documents\FINAL YEAR RESEARCH\Voice_Dataset\clip_0469.wav,percent owned account workers and contributing family workers and other 21,5.0,0.029622,0.024392,166.43,21.65,0.179588,1877.19,104.17,74,11,0,0,0,0,0,0,PROCEED,0
clip_0248,C:\Users\senud\Documents\FINAL YEAR RESEARCH\Voice_Dataset\clip_0248.wav,"Among them, carnations and roses are grown mainly for export.",5.0,0.06521401017732824,0.05223219427577687,0.0,0.0,0.282559,2487.04,156.25,61,10,0,0,0,0,0,0,PROCEED,1
clip_0505,C:\Users\senud\Documents\FINAL YEAR RESEARCH\Voice_Dataset\clip_0505.wav,"agriculture, because agriculture is basically a daily wage based job.",5.0,0.026153710689031197,0.037472380342827155,1136.674209885387,8.09898875315739,0.189876,1953.29,125.0,69,10,0,0,0,0,0,0,PROCEED,1
clip_0044,C:\Users\senud\Documents\FINAL YEAR RESEARCH\Voice_Dataset\clip_0044.wav,They received one hundred and twenty,5.0,0.01259298729990211,0.02686752614728243,245.20580469796727,88.08989571403846,0.166448,1838.46,187.5,36,6,0,0,0,0,0,0,PROCEED,1
clip_0497,C:\Users\senud\Documents\FINAL YEAR RESEARCH\Voice_Dataset\clip_0497.wav,"compared to the people engaged in industry almost 35,000",5.0,0.03591291060041059,0.03614608102615156,1289.4494821065916,594.4956834021426,0.192806,1904.68,133.93,56,9,0,0,0,0,0,0,PROCEED,1
synthetic_reject_0134,,,3.902478688361976,0.0691744310877481,0.0370204366708496,89.39276077706174,57.81866293108539,0.2035076478262198,2491.064247033872,133.87017979527144,25,11,2,3,2,3,2,1,REJECT,0
clip_0670,C:\Users\senud\Documents\FINAL YEAR RESEARCH\Voice_Dataset\clip_0670.wav,compared to the better tea economies like in Kenya which is about 1000 hectares.,5.0,0.02711896849388785,0.029511240990702924,172.63669365457844,19.007143362194935,0.183528,1964.68,93.75,80,14,0,0,0,0,0,0,PROCEED,1
synthetic_verify_0107,,,3.302136356874609,0.0398025057880475,0.0398507058217963,550.5516216050369,461.1387863815236,0.1821030311864219,1465.679248309983,100.42421063684289,83,12,0,0,1,1,1,0,VERIFY,0
synthetic_verify_0180,,,3.741858570014961,0.0521472741228098,0.0206060316950932,864.871077632999,368.6176412703854,0.1513134670626009,1833.4592707709744,143.7302156538024,85,17,0,1,1,0,1,0,VERIFY,0
clip_0212,C:\Users\senud\Documents\FINAL YEAR RESEARCH\Voice_Dataset\clip_0212.wav,"The important thing is that more than the extent involved, the number of households",5.0,0.028242,0.02618,451.64,409.02,0.194445,1980.38,110.29,83,14,0,0,0,0,0,0,PROCEED,0
clip_0437,C:\Users\senud\Documents\FINAL YEAR RESEARCH\Voice_Dataset\clip_0437.wav,and we have a rural population of 77% as I mentioned earlier.,5.0,0.028068,0.017137,106.13,6.49,0.174998,1803.97,110.29,61,12,0,0,0,0,0,0,PROCEED,0
synthetic_verify_0082,,,2.636413520706747,0.0399730569829358,0.0365841146638736,490.6976708393394,116.00306103910523,0.1996639222679067,1458.035253258537,162.04875844802748,82,13,1,0,1,1,1,0,VERIFY,0
clip_0160,C:\Users\senud\Documents\FINAL YEAR RESEARCH\Voice_Dataset\clip_0160.wav,the culture of microbes in the soil and also to,5.0,0.025364,0.025101,154.5,9.81,0.15602,1673.11,104.17,47,10,0,0,0,0,0,0,PROCEED,0
synthetic_proceed_0016,,,3.62912830185473,0.00998351740165481,0.04171927993122364,1446.63108580466,324.61664487540145,0.1338102119020841,1911.5572608841112,124.23354580502156,72,16,0,0,0,0,0,0,PROCEED,1
clip_0128,C:\Users\senud\Documents\FINAL YEAR RESEARCH\Voice_Dataset\clip_0128.wav,it also undervalued so much that I think this is why it gives me great joy.,5.0,0.047996,0.042447,239.5,33.48,0.154664,1569.15,170.45,75,16,0,0,0,0,0,0,PROCEED,0
clip_0083,C:\Users\senud\Documents\FINAL YEAR RESEARCH\Voice_Dataset\clip_0083.wav,Now we have to go to the...,5.0,0.005867,0.00605,331.11,121.37,0.199716,1971.63,117.19,27,7,1,0,0,0,0,0,PROCEED,0
synthetic_verify_0081,,,3.951613064774085,0.0567968624124279,0.0285287740552968,603.4696439021226,406.74076777028574,0.2910959077717936,1426.479378418749,178.25212722560389,35,14,2,0,0,0,0,0,VERIFY,0
synthetic_reject_0082,,,4.313967715128986,0.06179247995547234,0.051979489369198224,1442.487965304898,605.8381986709543,0.2548490950382309,1575.1064888421745,90.27924044926657,65,19,2,2,3,2,0,1,REJECT,1
clip_0371,C:\Users\senud\Documents\FINAL YEAR RESEARCH\Voice_Dataset\clip_0371.wav,provide lot of stimulus to expand our agriculture with.,5.0,0.02498317364726991,0.030898307034570614,389.90393212836864,414.5260693506715,0.202615,2018.48,117.19,55,9,0,0,0,0,0,0,PROCEED,1
synthetic_reject_0107,,,3.8944050810096713,0.04793966997463073,0.0363174054220955,1464.3611526672544,386.2471208658937,0.2985884426681963,2421.709949294115,100.85105143573358,68,14,2,2,2,2,2,0,REJECT,1
clip_0578,C:\Users\senud\Documents\FINAL YEAR RESEARCH\Voice_Dataset\clip_0578.wav,"If you look at primer change, it is projected that by 2050...",5.0,0.02255383786243606,0.020782619700402388,196.65833941381706,40.537034949089715,0.207967,2035.21,133.93,61,12,0,0,0,0,0,0,PROCEED,1
clip_0602,C:\Users\senud\Documents\FINAL YEAR RESEARCH\Voice_Dataset\clip_0602.wav,"And the red bar shows you the loans they have paid. So there is always, if you look at the...",5.0,0.026195230475084902,0.030797506023701827,171.44571989837974,16.488998685168617,0.191867,1965.32,110.29,93,20,0,0,0,0,0,0,PROCEED,1
synthetic_proceed_0091,,,3.5690239194848883,0.007599497799900425,0.03849117599565625,1733.7350897265121,140.35936554676658,0.2662344583723021,2424.07488024433,171.43404426664836,49,13,1,0,0,0,0,0,PROCEED,1
clip_0560,C:\Users\senud\Documents\FINAL YEAR RESEARCH\Voice_Dataset\clip_0560.wav,of agriculture is not a phenomena confined to Sri Lankan only. We find that...,5.0,0.030262244120902282,0.029006048351752294,176.6822282873946,34.53955782419958,0.183133,1894.17,133.93,78,14,0,0,0,0,0,0,PROCEED,1
clip_0140,C:\Users\senud\Documents\FINAL YEAR RESEARCH\Voice_Dataset\clip_0140.wav,Isis to promote the culture of,5.0,0.019985524188727247,0.025234069325964812,152.528817438267,27.434758429605544,0.18875,1896.76,125.0,30,6,0,0,0,0,0,0,PROCEED,1
clip_0298,C:\Users\senud\Documents\FINAL YEAR RESEARCH\Voice_Dataset\clip_0298.wav,Then other features of the sectors. I think this was discussed,5.0,0.02219955128128261,0.03006771165270235,2190.226302773599,8.334706721775579,0.233884,2222.21,133.93,62,11,0,0,0,0,0,0,PROCEED,1
synthetic_verify_0147,,,3.680621247362896,0.02413978580739593,0.051315534325679306,1085.647774109163,478.6105964147864,0.2257728575907195,2384.7101471889778,119.2267041523547,54,5,1,0,0,0,0,1,VERIFY,1
synthetic_reject_0034,,,3.1127509933018542,0.06018899616827548,0.045210434687602996,1708.163548595366,779.6779992075601,0.2199777070084729,2322.7848982166124,174.47657298824282,102,5,1,1,1,1,1,2,REJECT,1
clip_0331,C:\Users\senud\Documents\FINAL YEAR RESEARCH\Voice_Dataset\clip_0331.wav,"a very labor-intensive job, but you can see that there is no attraction in agriculture for youngsters.",5.0,0.027166791834504867,0.02116419176890284,156.83285310951456,11.098362559388477,0.1979,1958.96,110.29,102,17,0,0,0,0,0,0,PROCEED,1
synthetic_reject_0143,,,4.270178211819438,0.04082946482714974,0.021724152387315784,238.6729870540874,72.15153139581257,0.167396841075576,1455.3482772028806,136.71707799193857,71,13,3,1,1,2,1,0,REJECT,1
synthetic_reject_0015,,,4.589622607083297,0.040263024060704644,0.03586764622728329,851.3340399520093,167.88854164347637,0.2500413807470709,1736.9268349290269,82.43159664314538,68,5,3,2,1,3,2,2,REJECT,1
synthetic_verify_0108,,,2.800908940524965,0.01371764263960691,0.034944260635243266,1260.583217181283,276.3246325762931,0.1414453209592886,2014.871384878528,114.883190745863,57,13,1,1,0,0,1,0,VERIFY,1
clip_0273,C:\Users\senud\Documents\FINAL YEAR RESEARCH\Voice_Dataset\clip_0273.wav,"assortment consists of ornamental foliage plants, cut decorative leaves, cut flowers,",5.0,0.06962259403490696,0.05576694523432982,607.7636790866977,556.5430791611392,0.262254,2381.04,133.93,85,11,0,0,0,0,0,0,PROCEED,1
clip_0614,C:\Users\senud\Documents\FINAL YEAR RESEARCH\Voice_Dataset\clip_0614.wav,all our food and drink expenditure has gone to import other food.,5.0,0.025375,0.019894,142.5,25.35,0.194504,1956.53,125.0,65,12,0,0,0,0,0,0,PROCEED,0
clip_0664,C:\Users\senud\Documents\FINAL YEAR RESEARCH\Voice_Dataset\clip_0664.wav,There is no indication that the lease should be continued. So no investor.,5.0,0.023535,0.01901,400.4,330.33,0.186219,1944.98,133.93,74,13,0,0,0,0,0,0,PROCEED,0
synthetic_verify_0137,,,2.825882825108164,0.01925431750706002,0.039012980190088226,579.8677102741606,351.7985150012825,0.1237816482575449,1441.3175702879776,124.58255498270162,115,3,0,1,1,0,1,0,VERIFY,1
clip_0331,C:\Users\senud\Documents\FINAL YEAR RESEARCH\Voice_Dataset\clip_0331.wav,"a very labor-intensive job, but you can see that there is no attraction in agriculture for youngsters.",5.0,0.026401,0.017317,143.62,8.54,0.1979,1958.96,110.29,102,17,0,0,0,0,0,0,PROCEED,0
clip_0571,C:\Users\senud\Documents\FINAL YEAR RESEARCH\Voice_Dataset\clip_0571.wav,"This can be further explained, you can see the reverse system.",5.0,0.023371398511713038,0.023468579090571755,0.0,0.0,0.219042,2101.27,98.68,62,11,0,0,0,0,0,0,PROCEED,1
clip_0023,C:\Users\senud\Documents\FINAL YEAR RESEARCH\Voice_Dataset\clip_0023.wav,I believe everybody would like to do some systematic call it,5.0,0.013734963954218344,0.019943648016913795,290.7439646235497,95.24515732338303,0.185833,2035.61,133.93,60,11,0,0,0,0,0,0,PROCEED,1
clip_0297,C:\Users\senud\Documents\FINAL YEAR RESEARCH\Voice_Dataset\clip_0297.wav,have long term erosible,5.0,0.019124,0.020514,940.93,79.04,0.209976,2124.36,170.45,23,4,0,0,0,0,0,0,PROCEED,0
clip_0086,C:\Users\senud\Documents\FINAL YEAR RESEARCH\Voice_Dataset\clip_0086.wav,,5.0,0.003208,0.003855,1207.1,46.3,0.182947,2008.14,144.23,0,0,0,0,0,0,0,0,PROCEED,0
clip_0273,C:\Users\senud\Documents\FINAL YEAR RESEARCH\Voice_Dataset\clip_0273.wav,"assortment consists of ornamental foliage plants, cut decorative leaves, cut flowers,",5.0,0.068682,0.045701,558.78,405.98,0.262254,2381.04,133.93,85,11,0,0,0,0,0,0,PROCEED,0
synthetic_reject_0041,,,4.065234532910046,0.0283358776999101,0.0194235130832283,597.0620365017029,31.641294711081294,0.1779742498049721,1653.7376083958536,112.74973521779148,63,13,3,2,2,3,1,0,REJECT,0
clip_0436,C:\Users\senud\Documents\FINAL YEAR RESEARCH\Voice_Dataset\clip_0436.wav,"So, we have over 2000 millimeters of annual rainfall.",5.0,0.029578,0.029831,302.79,318.24,0.202428,2048.0,133.93,53,9,0,0,0,0,0,0,PROCEED,0
clip_0173,C:\Users\senud\Documents\FINAL YEAR RESEARCH\Voice_Dataset\clip_0173.wav,people are directly employed and more so 77% of our national population.,5.0,0.02664927566932279,0.02637234178159351,146.38635282993545,9.093594916563518,0.197151,1954.23,170.45,72,12,0,0,0,0,0,0,PROCEED,1
synthetic_proceed_0047,,,4.7025223347241205,0.0569014757904776,0.0142209410286955,440.1727973717388,159.1254497490192,0.181062721295196,1997.8384634740223,123.86677720315754,17,11,0,0,0,0,0,0,PROCEED,0
clip_0213,C:\Users\senud\Documents\FINAL YEAR RESEARCH\Voice_Dataset\clip_0213.wav,"cultivation. Other important food crops, like other food crops, are",5.0,0.03293149168813062,0.031514478482558866,167.75330432128317,13.515708962535,0.182272,1911.11,144.23,67,10,0,0,0,0,0,0,PROCEED,1
clip_0317,C:\Users\senud\Documents\FINAL YEAR RESEARCH\Voice_Dataset\clip_0317.wav,of the year that you have to have less work but our labour laws do not commit such a flexibility.,5.0,0.033171,0.02407,777.92,392.13,0.190896,1905.2,117.19,97,20,0,0,0,0,0,0,PROCEED,0
clip_0268,C:\Users\senud\Documents\FINAL YEAR RESEARCH\Voice_Dataset\clip_0268.wav,international trade fairs and can always reach us at www.,4.231,0.055212020392825356,0.04883842552469932,0.0,0.0,0.275057,2489.44,110.29,57,10,0,0,0,0,0,0,PROCEED,1
clip_0537,C:\Users\senud\Documents\FINAL YEAR RESEARCH\Voice_Dataset\clip_0537.wav,three provinces provide about 60 to 60 percent of the total,5.0,0.031488,0.035607,161.9,20.88,0.226164,2086.86,144.23,59,11,0,0,0,0,0,0,PROCEED,0
synthetic_reject_0167,,,4.249567725578805,0.01831927863608665,0.04374760391285893,428.1368128889435,583.7788253188228,0.2680562629891554,2364.750209063024,135.2500967407889,23,17,3,2,2,1,2,2,REJECT,1
clip_0160,C:\Users\senud\Documents\FINAL YEAR RESEARCH\Voice_Dataset\clip_0160.wav,the culture of microbes in the soil and also to,5.0,0.023464577000728612,0.029768114777678732,175.45552962453647,12.163205573922918,0.15602,1673.11,104.17,47,10,0,0,0,0,0,0,PROCEED,1
synthetic_proceed_0034,,,4.213946232548531,0.018193242362690508,0.04621097844194153,1953.6734092651727,257.8634982058941,0.2090686712880983,1503.3393326076489,135.91366564629683,114,5,0,0,0,0,0,0,PROCEED,1
synthetic_verify_0055,,,4.008822016252802,0.0429752990825663,0.0290815944975945,188.4457156074524,469.8795939018339,0.1526129902290149,2147.304083887809,102.26760791230848,61,6,1,0,0,0,0,0,VERIFY,0
synthetic_reject_0022,,,3.0343222036635007,0.06249797353323964,0.046338918565719825,631.4176260414639,393.2777350041932,0.2369592628756974,1457.6707090364405,174.9145731591386,119,6,1,1,3,2,1,2,REJECT,1
clip_0497,C:\Users\senud\Documents\FINAL YEAR RESEARCH\Voice_Dataset\clip_0497.wav,"compared to the people engaged in industry almost 35,000",5.0,0.034876,0.027174,1200.13,447.1,0.192806,1904.68,133.93,56,9,0,0,0,0,0,0,PROCEED,0
clip_0056,C:\Users\senud\Documents\FINAL YEAR RESEARCH\Voice_Dataset\clip_0056.wav,"fertilizer, water and other resources for the cultivation.",5.0,0.012655937701563768,0.01361352496933594,106.95778714235999,1.5341284774201362,0.150677,1604.54,117.19,58,8,0,0,0,0,0,0,PROCEED,1
synthetic_reject_0082,,,4.313967715128986,0.0566382597186172,0.043342702331355,1366.3370468277285,440.0854787133189,0.2548490950382309,1575.1064888421745,90.27924044926657,65,19,2,2,3,2,0,1,REJECT,0
clip_0437,C:\Users\senud\Documents\FINAL YEAR RESEARCH\Voice_Dataset\clip_0437.wav,and we have a rural population of 77% as I mentioned earlier.,5.0,0.027945045623797994,0.019871272947591008,121.03935937821682,8.411705227314336,0.174998,1803.97,110.29,61,12,0,0,0,0,0,0,PROCEED,1
synthetic_verify_0178,,,3.0285781449972777,0.02278715676977028,0.035253923959766315,1291.0833357677739,598.4153208703367,0.2105175936118052,2354.132339032069,93.57458530999013,45,15,2,0,0,0,0,1,VERIFY,1
clip_0584,C:\Users\senud\Documents\FINAL YEAR RESEARCH\Voice_Dataset\clip_0584.wav,"Having all the advantages, having a huge land mass, engaged in agriculture.",5.0,0.033613,0.030807,394.41,355.85,0.198068,1989.46,133.93,75,12,0,0,0,0,0,0,PROCEED,0
synthetic_reject_0125,,,4.204291288104962,0.01699920508246042,0.027225816214213234,1063.0913097664704,143.34990068520426,0.2451748166990495,2295.1102505764093,178.19691904461453,136,19,3,2,2,1,2,1,REJECT,1
clip_0203,C:\Users\senud\Documents\FINAL YEAR RESEARCH\Voice_Dataset\clip_0203.wav,"As you see, this is how the land is used in Sri Lanka. We have about...",5.0,0.031932058396440824,0.032199527622082655,166.70243625929456,3.259761230194389,0.214191,2159.83,117.19,71,16,0,0,0,0,0,0,PROCEED,1
clip_0249,C:\Users\senud\Documents\FINAL YEAR RESEARCH\Voice_Dataset\clip_0249.wav,in the highlands of the central province of Sri Lanka. Anthurium and Orchids are the,5.0,0.06731784773053759,0.06004517040044835,244.9898467518513,43.70083660598842,0.277397,2442.3,98.68,84,15,0,0,0,0,0,0,PROCEED,1
clip_0664,C:\Users\senud\Documents\FINAL YEAR RESEARCH\Voice_Dataset\clip_0664.wav,There is no indication that the lease should be continued. So no investor.,5.0,0.02332268817209572,0.025162990880882925,421.2571285614869,415.8569744470138,0.186219,1944.98,133.93,74,13,0,0,0,0,0,0,PROCEED,1
clip_0253,C:\Users\senud\Documents\FINAL YEAR RESEARCH\Voice_Dataset\clip_0253.wav,"Western province, Kampaha, Kalu Thera, and Kalambu district. Northwestern...",5.0,0.070036,0.04046,1025.47,81.58,0.245929,2306.46,170.45,76,9,0,0,0,0,0,0,PROCEED,0
synthetic_reject_0146,,,3.3411638231141803,0.0671459576094293,0.0255836139299675,1193.7632826627714,390.9712254830555,0.2417567452209106,1558.0321261664462,103.41844468154856,95,17,3,1,1,2,2,1,REJECT,0
clip_0141,C:\Users\senud\Documents\FINAL YEAR RESEARCH\Voice_Dataset\clip_0141.wav,to promote the culture of microbes in the soil.,5.0,0.023222,0.023243,142.26,18.84,0.160203,1706.71,125.0,47,9,0,0,0,0,0,0,PROCEED,0
clip_0431,C:\Users\senud\Documents\FINAL YEAR RESEARCH\Voice_Dataset\clip_0431.wav,"and 23% of our land is a wet zone, and of the land in the wet zone...",4.69,0.032274,0.022168,144.17,8.51,0.204779,1990.96,93.75,69,17,0,0,0,0,0,0,PROCEED,0
synthetic_reject_0175,,,3.531165665917212,0.01590111805124223,0.026839083468690395,1251.330466031687,433.1756385625918,0.1826572067702918,1846.0871538875963,80.13536257154682,62,9,2,3,3,1,2,2,REJECT,1
clip_0043,C:\Users\senud\Documents\FINAL YEAR RESEARCH\Voice_Dataset\clip_0043.wav,quality production for the KU supermarket chain.,5.0,0.01359,0.016124,547.06,638.44,0.174826,1793.85,117.19,48,7,0,0,0,0,0,0,PROCEED,0
clip_0138,C:\Users\senud\Documents\FINAL YEAR RESEARCH\Voice_Dataset\clip_0138.wav,health of the people. Our organic farmers use bio-fertilizers,5.0,0.026421,0.026293,743.07,414.93,0.153722,1642.65,133.93,61,9,0,0,0,0,0,0,PROCEED,0
clip_0051,C:\Users\senud\Documents\FINAL YEAR RESEARCH\Voice_Dataset\clip_0051.wav,story when it comes to DTI Dayananda Pharma.,5.0,0.014169,0.015435,241.16,20.2,0.184294,1854.69,110.29,44,8,0,0,0,0,0,0,PROCEED,0
clip_0306,C:\Users\senud\Documents\FINAL YEAR RESEARCH\Voice_Dataset\clip_0306.wav,allow it to rot and farmers committing suicide that is because our system is not,5.0,0.034129,0.032075,1003.22,34.66,0.180891,1876.17,144.23,80,15,0,0,0,0,0,0,PROCEED,0
synthetic_reject_0078,,,3.891805412753497,0.029653315172335038,0.05324865523968898,755.9127009621311,353.91656265048016,0.1494522878145004,2353.7714584999158,149.36822257814885,135,6,3,1,1,3,2,0,REJECT,1
clip_0157,C:\Users\senud\Documents\FINAL YEAR RESEARCH\Voice_Dataset\clip_0157.wav,programs to encourage them to maintain a sustainable organic value chain.,5.0,0.02456370152284366,0.027248901051235095,279.9213209201892,34.091957256949655,0.132837,1642.82,144.23,73,11,0,0,0,0,0,0,PROCEED,1
clip_0537,C:\Users\senud\Documents\FINAL YEAR RESEARCH\Voice_Dataset\clip_0537.wav,three provinces provide about 60 to 60 percent of the total,5.0,0.033295902404027355,0.04226412836976439,179.63781247483078,25.908889133447964,0.226164,2086.86,144.23,59,11,0,0,0,0,0,0,PROCEED,1
synthetic_verify_0084,,,4.166304941732587,0.0140052863304801,0.0204641796680684,237.8717721581832,100.38493501934283,0.1564129108484766,1864.0484684527732,85.11502056203976,52,15,2,1,0,0,0,0,VERIFY,0
clip_0237,C:\Users\senud\Documents\FINAL YEAR RESEARCH\Voice_Dataset\clip_0237.wav,by exporting floriculture products and in year 2010,5.0,0.05593441576524363,0.042991414634231805,250.5160080360905,10.342254627705698,0.300592,2648.12,125.0,51,8,0,0,0,0,0,0,PROCEED,1
clip_0362,C:\Users\senud\Documents\FINAL YEAR RESEARCH\Voice_Dataset\clip_0362.wav,"irrigation facilities, encourage wider technology, level playing field.",5.0,0.028313,0.023405,175.78,33.56,0.209103,2043.53,133.93,71,8,0,0,0,0,0,0,PROCEED,0
synthetic_verify_0035,,,3.04551883638043,0.05564577156449061,0.017741548272702464,393.61616300135114,14.020049048529707,0.2767204261425932,2351.1137758509617,142.7328935090678,91,3,0,0,0,0,0,1,VERIFY,1
synthetic_reject_0051,,,4.172459664033594,0.0428238773386456,0.0314008982402126,76.25976654021873,525.8318671876079,0.2877812908470502,2078.1598203070507,149.6650823876892,139,9,3,1,2,2,1,2,REJECT,0
clip_0278,C:\Users\senud\Documents\FINAL YEAR RESEARCH\Voice_Dataset\clip_0278.wav,"on the ground in topography and climate. Then, as explained earlier, our agriculture...",5.0,0.028303674154657347,0.026631064621740787,1121.6251417195335,82.75948148505286,0.19869,1925.83,133.93,87,13,0,0,0,0,0,0,PROCEED,1
synthetic_reject_0129,,,3.026805252864331,0.03260095796482964,0.015037674378523451,117.88380394853688,248.75356812877268,0.1696102209622101,2344.551923121925,177.4834652781112,125,13,3,1,2,1,0,2,REJECT,1
clip_0455,C:\Users\senud\Documents\FINAL YEAR RESEARCH\Voice_Dataset\clip_0455.wav,I have 65% of our population. So this is how the spread of,5.0,0.026270505589843576,0.0278371240661823,1115.2038864884248,57.24714303221994,0.218669,2072.21,144.23,58,13,0,0,0,0,0,0,PROCEED,1
clip_0214,C:\Users\senud\Documents\FINAL YEAR RESEARCH\Voice_Dataset\clip_0214.wav,"to 400,000 hectares and the traditional T202,000 hectares.",5.0,0.031386689640449515,0.029729247883696894,219.9679820816602,108.34169608106909,0.183976,1904.4,110.29,58,8,0,0,0,0,0,0,PROCEED,1
clip_0524,C:\Users\senud\Documents\FINAL YEAR RESEARCH\Voice_Dataset\clip_0524.wav,And if you look at the...,5.0,0.017564,0.018434,102.58,10.32,0.227069,2217.39,117.19,25,6,0,0,0,0,0,0,PROCEED,0
synthetic_verify_0054,,,3.17999651336089,0.0103189521703295,0.0392424175469899,1160.6092912927097,203.62609576142947,0.2511067537811363,1814.96731809251,147.1093157085976,84,5,2,0,1,0,1,0,VERIFY,0
synthetic_reject_0165,,,3.012177496479678,0.0205517659987636,0.04041304882977,1038.535533930734,85.50035275788656,0.2715733987317442,1690.6774613894804,127.82598841952236,85,6,3,2,1,3,1,1,REJECT,0
synthetic_verify_0111,,,4.568809234884543,0.00990996521717815,0.020079814878083684,367.69859301167884,159.92097543723153,0.1322735915577833,1624.549124492602,135.554956988562,69,14,1,0,1,1,0,0,VERIFY,1
clip_0360,C:\Users\senud\Documents\FINAL YEAR RESEARCH\Voice_Dataset\clip_0360.wav,such as zones like the BOI and give 100 hectares or 200 hectares for willing,5.0,0.034532,0.023328,361.12,376.0,0.168609,1812.31,133.93,76,15,0,0,0,0,0,0,PROCEED,0
synthetic_reject_0187,,,4.542245631703773,0.04994221628451233,0.019173734913695947,1455.1179801174142,404.731304264197,0.1708450367466006,1910.2738225252328,83.75710903989074,81,13,1,2,2,1,2,1,REJECT,1
synthetic_proceed_0048,,,4.410712740388236,0.0208365070074628,0.0226812760251034,1064.3420680618406,620.788631982125,0.2799939177108155,2294.8804804176307,83.51569920485014,63,7,0,1,0,0,0,0,PROCEED,0
synthetic_verify_0054,,,3.17999651336089,0.009737156968510905,0.04638546939108081,1280.4288691949664,272.68969752907606,0.2511067537811363,1814.96731809251,147.1093157085976,84,5,2,0,1,0,1,0,VERIFY,1
clip_0128,C:\Users\senud\Documents\FINAL YEAR RESEARCH\Voice_Dataset\clip_0128.wav,it also undervalued so much that I think this is why it gives me great joy.,5.0,0.052602636700129206,0.05300276420118302,264.43490956529126,41.71537303131941,0.154664,1569.15,170.45,75,16,0,0,0,0,0,0,PROCEED,1
synthetic_verify_0068,,,4.244581963762926,0.0550132055601035,0.0327266918180586,827.8152280536327,343.0202593736204,0.2902664359257755,1754.9889169958433,80.11120941961875,30,13,2,0,0,0,0,0,VERIFY,0
clip_0402,C:\Users\senud\Documents\FINAL YEAR RESEARCH\Voice_Dataset\clip_0402.wav,Very important that poverty alleviation as I mentioned earlier,5.0,0.025038773834079396,0.03482638327915634,1026.3468630429752,37.69291544496843,0.210281,2062.92,156.25,62,9,0,0,0,0,0,0,PROCEED,1
synthetic_verify_0099,,,4.3152781483615925,0.02834807035036,0.010152947604368,287.56816865504794,163.50057352449906,0.2344923156634006,1877.9366589068652,80.68146979001281,76,10,2,1,0,1,0,0,VERIFY,0
synthetic_reject_0067,,,3.8820643234963232,0.0372466997325017,0.0300349715801713,1215.7666201313016,332.2728644208568,0.2390979315144974,2285.42692028783,132.0168109878732,127,18,2,2,3,1,0,1,REJECT,0
clip_0533,C:\Users\senud\Documents\FINAL YEAR RESEARCH\Voice_Dataset\clip_0533.wav,be northeastern province has the highest,5.0,0.025249,0.028308,330.15,279.37,0.217008,2143.47,125.0,40,6,0,0,0,0,0,0,PROCEED,0
synthetic_reject_0125,,,4.204291288104962,0.0162613046197423,0.0212737801480214,972.9114440212734,106.4198469665612,0.2451748166990495,2295.1102505764093,178.19691904461453,136,19,3,2,2,1,2,1,REJECT,0
clip_0196,C:\Users\senud\Documents\FINAL YEAR RESEARCH\Voice_Dataset\clip_0196.wav,six different land zones so that,5.0,0.023149738962823248,0.0275715520701563,150.80050582605938,46.16213674020686,0.227247,2208.36,98.68,32,6,0,0,0,0,0,0,PROCEED,1
synthetic_reject_0048,,,3.710724903636792,0.03625595014811761,0.03361883569369637,163.54374738797088,185.47864649851334,0.2177128759104136,1917.833771763731,113.28157859124843,61,8,3,2,2,3,2,0,REJECT,1
clip_0641,C:\Users\senud\Documents\FINAL YEAR RESEARCH\Voice_Dataset\clip_0641.wav,"improper land use and resulting from that, improper agronomy and agricultural.",5.0,0.036346,0.033497,299.44,301.6,0.19209,1900.24,133.93,78,11,0,0,0,0,0,0,PROCEED,0
